stage,status,mean_seconds,sd_seconds,min_seconds,max_seconds,measured_runs,warmup_runs,error
Input data loading (4 CSV files),OK,3.755000,0.153000,3.574000,3.959000,5,1,
Reference-based CARD object creation,OK,1.020000,0.059000,0.960000,1.102000,5,1,
Reference CARD deconvolution - full phi search,OK,7.820000,0.164000,7.647000,8.091000,5,1,
Reference CARD deconvolution - 3-phi grid,OK,4.890000,0.086000,4.780000,5.002000,5,1,
Reference CARD deconvolution - fixed phi=0.9,OK,3.412000,0.237000,3.128000,3.666000,5,1,
Standard quickstart total (load + object + fixed phi=0.9),OK,7.142000,0.204000,6.990000,7.491000,5,1,
"scMapping (numCell=20, ncore=10)",OK,167.084000,0.900000,165.624000,168.072000,5,1,
"Spatial resolution enhancement (num_grids=2000, in_neighbor=10)",OK,1.474000,0.668000,0.901000,2.597000,5,1,
Visualization - CARD_visualize_pie,OK,130.718000,0.709000,129.774000,131.380000,5,1,
Visualization - CARD_visualize_prop,OK,0.088000,0.006000,0.083000,0.098000,5,1,
Visualization - CARD_visualize_prop_2CT,OK,0.111000,0.073000,0.072000,0.242000,5,1,
Visualization - CARD_visualize_Cor,OK,0.084000,0.002000,0.082000,0.088000,5,1,
CARDfree object creation (nmfSelect=4),OK,0.115000,0.003000,0.112000,0.118000,5,1,
CARDfree deconvolution (nmfSelect=4),OK,113.318000,2.478000,109.346000,116.079000,5,1,
