"Acinar_cells","Ductal_terminal_ductal_like","Ductal_CRISP3_high-centroacinar_like","Cancer_clone_A","Ductal_MHC_Class_II","Cancer_clone_B","mDCs_A","Ductal_APOL1_high-hypoxic","Tuft_cells","mDCs_B","pDCs","Endocrine_cells","Endothelial_cells","Macrophages_A","Mast_cells","Macrophages_B","T_cells_&_NK_cells","Monocytes","RBCs","Fibroblasts"
"CPA5","TFF3","CRISP3","S100P","SPP1","LY6D","CX3CR1","APOL1","SH2D6","C1QC","IRF4","SCG3","ADGRL4","MMP19","CPA3","FCN1","IL2RB","S100A12","HBA1","THBS2"
"CPA2","TFF2","REG1A","COL17A1","APCS","COL6A2","VSIG4","IGFBP3","BMX","C1QB","JCHAIN","NEUROD1","RAMP2","PLA2G7","SLC18A2","MCEMP1","CD247","FCN1","SLC4A1","THY1"
"CEL","AGR2","MMP1","TM4SF1","SERPING1","COL6A1","CSF1R","CLDN4","TRPM5","C1QA","LILRA4","NKX2-2","VWF","FPR3","MS4A2","AQP9","CD2","S100A8","BRSK1","HS3ST3A1"
"SYCN","DPCR1","REG3A","PITX1","WFDC2","CRABP2","HLA-DOA","TACSTD2","CCDC129","CSF1R","GZMB","STMN2","CLEC14A","SDS","IL1RL1","LILRB1","GZMA","FPR1","FOXJ1","COL3A1"
"CUZD1","KRT8","PIGR","CLDN1","AGT","KRT16","MS4A7","RAP2B","SH2D7","SLCO2B1","PLD4","PCSK1","ECSCR","MS4A4A","HDC","SPI1","CCL5","S1PR4","TBKBP1","LUM"
"CELA2A","IFI6","TCN1","S100A14","C3","S100A4","C1QB","SAT1","RGS13","MS4A7","IL3RA","SCG5","SOX18","CLEC5A","GCSAML","CD52","PRF1","SELL","HBA2","COL1A2"
"CELA3B","TFF1","PPP1R1B","PTGS2","CA12","DCBLD2","GPR34","DUOX2","CORO2B","A2M","SERPINF1","PTPRN","RAMP3","FCGR2A","TPSB2","NCF2","CD7","MCEMP1","FAM72D","COL5A1"
"PNLIPRP1","LDHB","SERPINA1","FSCN1","SPP1","IGFBP2","FCGR1A","C15orf48","DKK3","TREM2","SPIB","SCG2","EMCN","GPNMB","TPSAB1","IL1B","GNLY","S100A9","FAM72C","GLT8D2"
"CELA2B","FCGBP","AQP3","CTSE","APCS","BCAT1","MS4A6A","SOX4","PLG","APOE","LILRB4","CHGB","CDH5","OLR1","P2RY14","SLC2A14","CD69","CSF3R","HBB","PDGFRB"
"CTRC","MUC5B","CLDN2","EIF4A2","SERPING1","COL17A1","C1QA","CA9","HEPACAM2","FCGR3A","IL10RA","CHGA","SPARCL1","FCGR3A","GATA2","CD86","CD52","JAML","CDKN2A","FBN1"
"CELA3A","AKR1B10","C6","GPX4","WFDC2","PLAU","C1QC","SRD5A3","HPGDS","CD163","PIM2","ELAVL4","PLVAP","CD163","TESPA1","FCER1G","CORO1A","MNDA","PRRT1","SFRP4"
"PDIA2","NQO1","LYZ","TRIM29","AGT","RNASE1","ADAP2","TPM1","SPIB","MS4A6A","IRF8","PRG4","RHOJ","ITGAX","HGNC:18790","S100A8","LCK","HRH2","FIGN","SPON1"
"AQP8","AQP5","SLC4A4","FXR1","C3","KRT17","MERTK","BNIP3","LRMP","FCGR2A","GPR183","KIF1A","CLDN5","C5AR1","TPSD1","SDS","LTB","LILRB3","FAM72A","MXRA8"
"CTRB1","TFF3","GC","RPL22L1","CA12","S100P","APBB1IP","CLDN3","NTM","STAB1","RGS1","BEX1","ACKR1","IL7R","KRT1","FGR","HCST","GMFG","HJURP","HTRA3"
"PLA2G1B","TFF2","CRP","LAMC2","SPP1","EMP1","SLCO2B1","MUC20","KIT","GPR183","MPEG1","CD200","PCDH17","FCGR3B","ADCYAP1","CYBB","LCP1","OSM","CENPO","GAS1"
"AMY1C","AGR2","MUC5B","S100A6","APCS","LRRC8A","AIF1","DUSP5","HCK","FCGR2B","CD37","TMOD1","S1PR1","C1QA","STAP1","ITGAX","CCL4","LSP1","B3GALNT1","COL6A3"
"CLPS","DPCR1","ALDOB","ACTL6A","SERPING1","SLC20A1","ABI3","RAB11FIP1","SDC2","FGL2","CD4","PPY","SPARC","MRC1","GRAP2","TLR2","LCP2","LST1","PCOLCE","MFAP2"
"CPA1","KRT8","CLU","KRT17","WFDC2","BST2","FAM105A","PGK1","AVIL","LAIR1","PLAC8","ARX","CALCRL","APOE","BTK","GLIPR2","PTPRC","ACSL1","SNCA","CTHRC1"
"KLK1","IFI6","APCS","NPM1","AGT","ACTN4","PARVG","PDZK1IP1","PSTPIP2","FCGR3B","FCHSD2","UCHL1","ESAM","MSR1","FCER1A","TYROBP","IL2RG","LCP1","CDCA3","ISLR"
"PNLIP","TFF1","FGA","CD55","C3","TRIM29","DOCK4","DUOXA2","LIPG","CYBB","CXCR4","CPE","TIE1","VSIG4","KIT","SLC11A1","LSP1","AQP9","DMTN","ANTXR1"
"CTRB2","LDHB","CES1","GABRP","CA12","CD9","FCGR2A","EGLN3","PTGS1","HLA-DQB2","TYROBP","PCSK1N","COL15A1","C1QC","RHOH","LAPTM5","ARHGDIB","SPI1","AURKB","CCDC80"
"ERP27","FCGBP","TFF1","SSR3","SPP1","RRP7A","GAL3ST4","ERO1A","NRGN","APOC1","SELL","SAMD11","COL4A1","TREM2","NTRK1","ARRB2","CXCR4","RIPOR2","CFAP221","CYGB"
"AMY1A","MUC5B","F5","CCDC50","APCS","EPS8L1","CCDC88A","SERPING1","VAV1","MSR1","NCKAP1L","GHRL","CD34","TREM1","ARHGEF6","ZEB2","PREX1","CORO1A","HUNK","BGN"
"AMY1B","AKR1B10","DMBT1","PTMA","SERPING1","ISG15","GNB4","ADM","GRASP","AIF1","LAPTM5","ST18","COL4A2","MS4A7","CD38","MPEG1","CCL4L2","ICAM3","HDX","POSTN"
"CPB1","NQO1","CFTR","PSMD2","WFDC2","GPRC5A","TREM2","EDN1","FYB1","CD4","LCP1","TNFRSF19","LRRC32","RGS1","ITGA9","FCGR2A","WIPF1","FGR","AURKA","FBLN2"
"P4HA3","AQP5","CEACAM7","JUP","AGT","SSFA2","CLEC5A","CDKN1C","AOC1","DSE","CYBB","PAX6","EGFL7","GPR183","KCNH2","SLA","EVL","BASP1","SPAG5","AEBP1"
"GP2","TFF3","UGT2B15","POLR2H","C3","NET1","A2M","IL32","PIK3CG","HLA-DOA","CELF2","ISL1","ADGRF5","AQP9","TMEM233","SLC2A3","RGS1","CFD","CCDC58","SPARC"
"PRSS2","TFF2","SLC40A1","NAGA","CA12","SAMD9","HAVCR2","APOL2","AZGP1","RGS1","HCLS1","TMEM74B","SH2D3C","SLCO2B1","LTC4S","OLR1","CD53","SLC2A3","NDUFAF6","COL5A2"
"AMY2A","AGR2","NOSTRIN","TAGLN2","SPP1","LAMC2","SPI1","CREB5","POU2F3","ITGB2","CCDC88A","TTR","APOLD1","CCL3","PTGS1","S100A9","SRGN","C5AR1","CDC25B","FMO1"
"REG3G","DPCR1","OLFM4","GSTP1","APCS","CD82","SERPINF1","MDK","SKAP2","MS4A4A","PTPRC","DLG4","A2M","PLEKHO1","CD22","C3AR1","AKNA","TYROBP","TMEM241","LOXL2"
"PRSS1","KRT8","GATM","SYNGR2","SERPING1","ANO1","RASSF4","TSHZ2","INPP5B","FCER1G","HLA-DPA1","FAM169A","ITM2A","CYBB","ARHGAP25","LCP1","LAPTM5","ITGAM","TUBGCP6","PDPN"
"AMY2B","IFI6","XBP1","FTH1","WFDC2","FXYD3","LAIR1","VNN1","PLCG2","HAVCR2","CD53","FXYD6","IL3RA","CLEC7A","CD69","VCAN","RAC2","CD37","C19orf54","PAPPA"
"FYN","TFF1","GOLPH3","MYL12B","AGT","LIF","CD93","PDLIM1","KCTD12","OLR1","LSP1","SCGN","PXDN","SPI1","CSF2RB","C5AR1","ETS1","IL1R2","CHEK1","CTSK"
"REG1B","LDHB","ASRGL1","NCBP2","C3","IFI27","CCR1","PFKP","ALOX5AP","GNB4","HLA-DQA1","SNAP25","RASIP1","FCER1G","RGS13","TNFRSF1B","CELF2","FCER1G","MCRS1","FMOD"
"TPST2","FCGBP","CRISP3","RRP7A","CA12","ANXA2","FMNL1","MYADM","PLEKHB1","LAPTM5","HLA-DPB1","NLRP1","HEG1","LAPTM5","PDE3B","LSP1","SPOCK2","IRAK3","NEK2","GGT5"
"FAM84A","MUC5B","REG1A","FAM3C","SPP1","SKIL","CD163","SLC2A1","PBXIP1","THEMIS2","CYFIP2","FAM171B","CD93","C3AR1","HPGDS","AIF1","STK17B","ARRB2","SERPINB3","LHFPL6"
"IL22RA1","AKR1B10","MMP1","NSD3","APCS","EFNB2","C1orf162","CA12","ATP2A3","ENG","UCP2","FAM92A","PECAM1","C1QB","CADPS","SRGN","CD37","PTPRC","AP3B1","TNFAIP6"
"TMEM97","NQO1","REG3A","CYB5R3","SERPING1","NDUFA6","CLEC7A","NDRG1","ADH1C","C5AR1","VEGFB","BAIAP3","ENG","APOC1","FMNL3","CD53","TNFRSF1B","SRGN","TRMO","MRC2"
"PRSS3","AQP5","PIGR","HSP90AB1","WFDC2","RARRES3","HCLS1","PRSS8","PTPN18","SPI1","MEF2C","CCDC122","SLCO2A1","TYROBP","GAPT","GPR183","FNBP1","LAPTM5","SERPINB4","FGF7"
"IGFBP2","TFF3","TCN1","SEC62","AGT","IFIT1","RGS1","ATF3","ZFHX3","TYROBP","AKNA","ARMCX2","TCF4","CCR1","ATP8B2","CSF1R","ALOX5AP","CD93","CCNB2","IGFBP5"
"GATM","TFF2","PPP1R1B","AP2M1","C3","SYNGR2","CCL3L3","PIM1","KIAA1324","TGFBI","CORO1A","CADPS","IGFBP7","EPB41L3","CD84","FMNL1","VIM","ITGB2","TMEM41B","SYDE1"
"REG3A","AGR2","SERPINA1","EEF1A1","CA12","CAV1","GPR183","GADD45A","SPRY1","C3AR1","SRGN","SNCA","GIMAP4","SLC11A1","SLC24A3","HCLS1","TMSB4X","EVI2B","C19orf66","LRRC32"
"SPINK1","DPCR1","AQP3","SQSTM1","SPP1","HIST2H2AA3","APOBR","BMP2","INPP5D","MPEG1","ALOX5AP","MXRA7","MGP","TNFRSF1B","BTN2A2","ACP5","ACTB","HCK","HLA-DOA","FBLN1"
"REG1A","KRT8","CLDN2","POLDIP3","APCS","SPINT1","C3AR1","VEGFA","CSK","HLA-DQB1","HLA-DQB1","FAM167A","MCAM","TGFBI","SAMSN1","MS4A7","IL32","HCLS1","TRMT2B","PRELP"
"RBP1","IFI6","C6","CNN2","SERPING1","SPINT2","GPR65","RNASET2","FURIN","ARRB2","CLN8","TPST1","FAM198B","BASP1","CD37","FPR1","TNFAIP3","GCA","TIMM17A","MEDAG"
"PRDX4","TFF1","LYZ","CLEC2D","WFDC2","CYB5R3","RGS10","SLC6A8","MELTF","FPR1","VIM","SCAMP5","ITGA5","FGL2","RGS1","VIM","FLNA","SAMSN1","PLK1","MMP11"
"NUCB2","LDHB","SLC4A4","RACK1","AGT","PLA2G16","LAPTM5","CXCL8","RASSF6","NCKAP1L","CD74","ATP6V0E2","HTRA1","CD83","FLI1","WAS","COTL1","BCL2A1","MPHOSPH9","COL4A1"
"EIF4EBP1","FCGBP","GC","ITGB4","C3","TINAGL1","SAMSN1","APOL1","IL13RA1","PLTP","HLA-DRA","RHOBTB3","ACVRL1","AIF1","GPR65","HCST","PFN1","ST20","SPECC1","WNT5A"
"TCEA3","MUC5B","CRP","MAP3K13","CA12","CTSE","CEBPA","IGFBP3","UCP2","CD84","SAMHD1","SMOC1","ITPRIP","ITGB2","LAT","ENG","SH3BGRL3","G0S2","PYURF","MMP2"
"CPA5","AKR1B10","MUC5B","CLTB","SPP1","LAMA3","FCER1G","CLDN4","TRAK1","PLEKHO1","SLC7A5","NCAM1","ADAMTS9","SLC15A3","KLHL6","RAB31","S100A4","TNFRSF1B","GYPC","INHBA"
"CPA2","NQO1","ALDOB","TMPRSS4","APCS","JUP","SNX10","TACSTD2","SPTLC2","AXL","ERN1","APBB1","PPM1F","ALOX5AP","SLC26A2","RGCC","CFL1","SLC11A1","CDK5RAP1","FBLN5"
"CEL","AQP5","CLU","NDUFA6","SERPING1","CSTB","FCGR2B","RAP2B","TMEM176B","HLA-DQA1","OFD1","NIPSNAP3B","TNFAIP8L1","HAVCR2","SOCS1","HLA-DPB1","UCP2","CDA","HGD","ADAMTS4"
"SYCN","TFF3","APCS","HSPD1","WFDC2","POLDIP3","FGL2","SAT1","MARCKSL1","CD53","HLA-DMB","MAP2","PKIG","SRGN","PLXNC1","MPP1","PIK3R1","SLC2A14","CPVL","PCOLCE"
"CUZD1","TFF2","FGA","EIF4G1","AGT","LPCAT4","CYBB","DUOX2","MAN2A1","RGS10","PTPN1","QPCT","SASH1","C1orf162","LAT2","BCL2A1","MSN","RGS2","CCNB1","SERPINF1"
"CELA2A","AGR2","CES1","ERO1A","C3","WNK1","FPR1","C15orf48","ELOVL7","HCLS1","STMN1","PAM","TIMP3","CPVL","CELF2","SLC43A2","BTG1","ARHGDIB","COPS8","GREM1"
"CELA3B","DPCR1","TFF1","EEF2","CA12","TCF20","CD4","SOX4","TMEM176A","C1orf162","RGS2","C21orf91","CDC42EP3","MS4A6A","ITM2A","TGFBI","CD99","NCKAP1L","CEP68","CPE"
"PNLIPRP1","KRT8","F5","LDHA","SPP1","LIMS1","APOE","CA9","NCMAP","MYO1F","ARHGDIB","ERO1B","SPRY1","THBD","ITGAM","CD37","MYH9","S100A4","SLC2A10","LTBP2"
"CELA2B","IFI6","DMBT1","RRAS","APCS","PDIA3","WAS","SRD5A3","GNAI2","LST1","RNASET2","RRP15","PODXL","CD14","CD53","HCK","IDS","VSIR","LIN7C","NID1"
"CTRC","TFF1","CFTR","HMGA1","SERPING1","NSD3","ITGB2","TPM1","PAPSS2","ALOX5AP","HLA-DQA2","NEK1","THBD","ACP5","PRKCB","COTL1","ID2","FCGR2A","SEMA4C","S1PR2"
"CELA3A","LDHB","CEACAM7","SSFA2","WFDC2","RND3","LST1","BNIP3","CREG1","ARHGAP30","GRAMD1A","MS4A8","PLEKHO1","LCP1","ABCC4","ATP6V1B2","ARPC2","CD53","ACSL5","IGF2"
"PDIA2","FCGBP","UGT2B15","KPNA4","AGT","ARPC2","ADCY7","CLDN3","CDCP1","CPVL","MAPKAPK2","GPX3","VIM","SMIM3","LCP2","ITGB2","LDHB","FYB1","LBR","TMEM158"
"AQP8","MUC5B","SLC40A1","PRKCI","C3","NOP10","TGFBI","MUC20","ALOX5","SRGN","IDH3A","CDKN2AIPNL","PTPRG","LPXN","IKZF1","GPSM3","TMA7","CD14","SMIM15","SNAI2"
"CTRB1","AKR1B10","NOSTRIN","PPP1R2","CA12","SFN","ALOX5AP","DUSP5","ANXA1","CD37","RASSF5","ROGDI","PRSS23","SLA","RASA3","HLA-DPA1","ADGRE5","SSH2","NPRL3","ZEB1"
"PLA2G1B","NQO1","OLFM4","FXYD3","SPP1","MYOF","PTPRC","RAB11FIP1","CHDH","WAS","PABPC1","DNAJB4","CAVIN1","PHACTR1","ADCY7","CXCR4","POTEI","ALOX5AP","CCDC34","LOXL1"
"AMY1C","AQP5","GATM","LIPH","APCS","PML","DOCK2","PGK1","ALDH2","PREX1","OAZ1","LDOC1","NOTCH1","GM2A","SYTL3","METRNL","PIM1","VCAN","PDRG1","SRPX2"
"CLPS","TFF3","XBP1","ADAM9","SERPING1","S100A6","FCGR3A","PDZK1IP1","FKBP9","TNFRSF1B","RAC2","TTC8","A4GALT","WAS","TMEM154","PLXDC2","BUB3","COTL1","ABHD11","COL12A1"
"CPA1","TFF2","GOLPH3","SERP1","WFDC2","ITGAV","STAB1","DUOXA2","SEC11C","HLA-DQA2","SH3KBP1","INPP5F","PLEKHG1","SLC2A14","EVI2A","SIRPA","ZFP36L2","SMAP2","MIS18A","GPNMB"
"KLK1","AGR2","ASRGL1","LGALS3","AGT","TMEM87A","CCL3","EGLN3","CALM2","CD300A","SFT2D2","RFWD3","PRKCH","HLA-DPA1","SLA","VDR","TSC22D3","RAB31","PUDP","PDLIM3"
"PNLIP","DPCR1","CRISP3","RAB11FIP1","C3","STAT1","HLA-DQB1","ERO1A","EIF5","HLA-DMB","APRT","FGFR1","DLC1","PTAFR","TIMP3","WIPF1","HLA-E","JUNB","UBQLN4","FN1"
"CTRB2","KRT8","REG1A","MGAT4B","CA12","KCNN4","SPN","SERPING1","TUBA1A","HLA-DPB1","SSTR2","SEC11C","AQP1","LSP1","TYROBP","SAMHD1","PABPC1","NAMPT","ALS2","DCN"
"ERP27","IFI6","MMP1","BSG","SPP1","TNKS1BP1","TYROBP","ADM","TGOLN2","PTPRC","RACK1","FAM46C","FSCN1","THBS1","SMYD3","JARID2","ATP5EP2","FTL","DPYSL2","PDGFRA"
"AMY1A","TFF1","REG3A","QSOX1","APCS","ANXA1","SASH3","EDN1","TPD52L1","CD14","NOP53","CMTM8","MLLT1","HCLS1","ARHGDIB","CD14","FXYD5","RHOG","TMEM67","AKAP12"
"AMY1B","LDHB","PIGR","HSPA1B","SERPING1","RAB11A","OLR1","CDKN1C","TMEM87A","HLA-DPA1","PTPRE","SIRT6","CAV1","CXCR4","ACSL4","HLA-DQB1","CAP1","CTSS","CRY2","IGFBP7"
"CPB1","FCGBP","TCN1","HSPA1A","WFDC2","PCDH1","ARHGDIB","IL32","BTG2","ZEB2","ACTR2","METRN","CAVIN3","SAMSN1","FCER1G","FTH1","ARPC1B","CEBPB","FAM46C","TIMP3"
"P4HA3","MUC5B","PPP1R1B","CCT3","AGT","RBMS1","PIK3CD","APOL2","H3F3A","TNFSF12","ATP5EP2","STAT5A","FZD6","PMP22","NR4A3","ALOX5AP","ZNF90","FTH1","OSBPL10","C1S"
"GP2","AKR1B10","SERPINA1","LAMB3","C3","ASAP2","SDS","CREB5","PTPRJ","SLA","LYN","PIBF1","HSPG2","BCL2A1","FYN","SH3BGRL3","SP100","PTK2B","PKN2","CLEC11A"
"PRSS2","NQO1","AQP3","ARFGAP3","CA12","YBX3","LCP1","MDK","EPB41L1","BASP1","HLA-DRB1","KCTD12","SEC14L1","SLC2A3","C21orf91","FLNA","ATP5E","ACTB","NCALD","GAS7"
"AMY2A","AQP5","CLDN2","C19orf33","SPP1","CAP1","CD53","TSHZ2","CNN3","HMOX1","IRF7","BEX3","ARHGAP23","HLA-DQB1","ALOX5AP","CTSS","EEF1B2","BTG2","EIF4ENIF1","MME"
"REG3G","TFF3","C6","CTSC","APCS","ITGB6","RIN3","VNN1","BUB3","FYB1","RHOG","MFSD6","ELK3","CD4","FER","PTPN6","TLN1","TSC22D3","RBM38","COL6A2"
"PRSS1","TFF2","LYZ","SLC12A2","SERPING1","FLNB","GRASP","PDLIM1","MYO1B","LGALS1","CIRBP","FAM219B","NDRG1","LIPA","LCP1","TIMP1","ARL4C","VIM","GTF3C4","NDN"
"AMY2B","AGR2","SLC4A4","NDRG1","WFDC2","BAIAP2","PHACTR1","PFKP","RNF24","MAFB","PFN1","SLC36A4","FKBP1C","VIM","ADAM12","FTL","MBNL1","THBS1","PRR7","C1R"
"FYN","DPCR1","GC","S100P","AGT","CLTB","LCP2","MYADM","RTN4","VIM","HLA-DRB5","BLMH","PNP","KCTD12","DUSP2","PSAP","NAP1L1","GLUL","SLC25A39","SPON2"
"REG1B","KRT8","CRP","COL17A1","C3","MAL2","PLXNC1","SLC2A1","HIPK2","CXCR4","ARL4C","SELENOI","UPP1","WIPF1","PRKX","HLA-DRA","VAMP2","LITAF","HAX1","FSTL1"
"TPST2","IFI6","MUC5B","TM4SF1","CA12","NPC2","ARHGAP45","CA12","MAX","WIPF1","SARAF","ACSL1","ABCG1","RNF130","SLC2A3","PTPRE","WDR1","PTGS2","TMEM242","ENG"
"FAM84A","TFF1","ALDOB","PITX1","SPP1","PACSIN2","CORO1A","NDRG1","2-Sep","PTAFR","EEF1B2","PCSK2","FKBP1A","MAFB","ADGRE2","GLUL","UBL5","FLNA","BET1","ITGA5"
"IL22RA1","LDHB","CLU","CLDN1","APCS","S100A10","ENG","PRSS8","EHF","LCP2","IDS","ENTPD4","TGFBR2","HLA-DPB1","ALS2","HLA-DRB1","NPM1","H3F3A","MED30","CRISPLD2"
"TMEM97","FCGBP","APCS","S100A14","SERPING1","PPL","GMFG","ATF3","CDS1","PLXDC2","CCDC50","PBXIP1","SELENON","ARL4C","NFKBID","SAT1","TPM3","SLC25A37","HIGD2B","NEGR1"
"PRSS3","MUC5B","FGA","PTGS2","WFDC2","ITGA3","HLA-DQB2","PIM1","HMCES","INAFM2","DBNL","NAV1","NGDN","PTPRC","WDFY2","ATP1B3","ZFP36","TNFSF13B","EML3","TBX3"
"IGFBP2","AKR1B10","CES1","FSCN1","AGT","TMEM184B","SRGN","GADD45A","PPDPF","SAMHD1","PARK7","RERE","EPAS1","HMOX1","LAPTM5","VSIR","ZYX","PTPRE","HLTF","VCAN"
"GATM","NQO1","TFF1","CTSE","C3","SMDT1","ELMO1","BMP2","SORT1","HLA-DMA","FYTTD1","PLEKHB1","VAMP5","ARRB2","RAC2","ACTB","IL2RB","FKBP5","STRADB","PHLDB1"
"REG3A","AQP5","F5","EIF4A2","CA12","ANXA3","TNFRSF1B","VEGFA","JUNB","OGFRL1","NLRP2","ARID3A","PLPP1","CD37","PIM2","S100A4","CD247","DUSP1","PCBD1","ITPRIP"
"SPINK1","TFF3","DMBT1","GPX4","SPP1","SYT8","ARRB2","RNASET2","UTRN","HCST","TSPAN13","MOB1B","ETS1","ADAM8","CD48","BTG1","CD2","PSAP","SLC25A37","FRMD4A"
"REG1A","TFF2","CFTR","TRIM29","APCS","PARP9","HLA-DPB1","SLC6A8","VAMP2","ACSL1","CSDE1","9-Mar","PTPN14","SAMHD1","ZEB2","ZNF106","GZMA","GNAI2","HBA1","MFGE8"
"RBP1","AGR2","CEACAM7","FXR1","SERPING1","MANSC1","LSP1","CXCL8","TAPBP","FCGRT","ACTB","SEMA3E","MSN","CD68","GRASP","CD68","CCL5","CEBPD","SLC4A1","COL16A1"
"PRDX4","DPCR1","UGT2B15","RPL22L1","WFDC2","MMP14","HTRA1","APOL1","PDLIM5","KCTD12","GPX1","TEX2","SWAP70","OGFRL1","SRGN","HLA-DRB5","PRF1","RBMS1","BRSK1","SELENOM"
"NUCB2","KRT8","SLC40A1","LAMC2","AGT","ITGB4","PREX1","IGFBP3","SOX9","ARHGDIB","SPCS1","TSNAX","TGFBR3","MGAT1","HAVCR2","CTSB","CD7","SAT1","FOXJ1","A2M"
"EIF4EBP1","IFI6","NOSTRIN","S100A6","C3","IFIT3","HLA-DQA2","CLDN4","CIRBP","COTL1","SERP1","UPF3A","ATP1B3","CTSL","GALC","ARHGDIB","GNLY","IRS2","TBKBP1","LGALS1"
"TCEA3","TFF1","OLFM4","ACTL6A","CA12","SCNN1A","CSF2RA","TACSTD2","PNISR","RAB31","VAMP8","ABCF3","STOM","CTSB","ATP6V0A2","CEBPB","CD69","SOD2","HBA2","EMP3"
"CPA5","LDHB","GATM","KRT17","SPP1","RRAS","HLA-DPA1","RAP2B","NEDD4L","SCPEP1","DUSP5","COBL","ECE1","FTL","SLC45A3","WARS","CD52","ARPC1B","FAM72D","FAM20C"
"CPA2","FCGBP","XBP1","NPM1","APCS","TACSTD2","HLA-DQA1","SAT1","SPINT1","GM2A","PTEN","COX17","DPYSL2","LGMN","GM2A","OAZ1","CORO1A","ZYX","FAM72C","WWOX"
"CEL","MUC5B","GOLPH3","CD55","SERPING1","KLK10","INAFM2","DUOX2","TXNIP","HLA-DRB5","LGMN","CADM1","PTMS","GRN","LAIR1","PPT1","LCK","CD55","HBB","RNGTT"
"SYCN","AKR1B10","ASRGL1","GABRP","WFDC2","CCND1","VIM","C15orf48","RUNX1","SLC7A5","LITAF","AGAP1","HYAL2","SLC43A2","VIM","GPX1","LTB","OAZ1","CDKN2A","CAVIN1"
"CUZD1","NQO1","CRISP3","SSR3","AGT","LAMB3","RNF166","SOX4","ATP2C1","HLA-DRA","SNX3","OARD1","JDP2","PSAP","CD52","ADA2","HCST","RNF149","PRRT1","ACKR3"
"CELA2A","AQP5","REG1A","CCDC50","C3","ITGA6","ZEB2","CA9","EGR1","ZNF331","SEC61B","NFIL3","BMPR2","FTH1","INPP5D","ZMIZ1","LCP1","SOCS3","FIGN","BASP1"
"CELA3B","TFF3","MMP1","PTMA","CA12","MYH14","FERMT3","SRD5A3","SORL1","CREM","APEX1","IRF2BPL","RBMS1","UPP1","SLC2A14","ARPC1B","CCL4","RAC2","FAM72A","MXRA7"
"PNLIPRP1","TFF2","REG3A","PSMD2","SPP1","C15orf48","ACSL1","TPM1","PTP4A2","RGS2","COX4I1","SSBP4","PRCP","GLUL","C1orf162","GRN","LCP2","RNF130","HJURP","EFEMP1"
"CELA2B","AGR2","PIGR","JUP","APCS","ITGB5","CD300A","BNIP3","LRP5","HLA-DRB1","PPP1R14B","STK3","EMP1","CREG1","CCDC88A","RAB20","PTPRC","LYN","CENPO","COL1A1"
"CTRC","DPCR1","TCN1","POLR2H","SERPING1","TNFSF10","FCGR3B","CLDN3","TMA7","CD74","NAP1L1","NEBL","UACA","HLA-DRB1","CHST11","CD74","IL2RG","FBXL5","B3GALNT1","FZD7"
"CELA3A","KRT8","PPP1R1B","NAGA","WFDC2","MT2A","PTAFR","MUC20","NCOA7","PPT1","CTSB","COG7","SLC39A1","ABCG1","ANXA6","ARPC3","LSP1","FCGRT","PCOLCE","PMP22"
"PDIA2","IFI6","SERPINA1","TAGLN2","AGT","MMP7","CD14","DUSP5","CNP","PSAP","BTG2","PTPRN2","FURIN","HLA-DQA2","THBS1","IVNS1ABP","ARHGDIB","PGD","SNCA","PLTP"
"AQP8","TFF1","AQP3","GSTP1","C3","LY6D","CNTRL","RAB11FIP1","AZIN1","SLC2A3","EEF1A1","C10orf10","CNN3","CTSA","RHOBTB3","PLAUR","CXCR4","PTEN","CDCA3","SSPN"
"CTRB1","LDHB","CLDN2","SYNGR2","CA12","COL6A2","AP1S2","PGK1","CAPRIN1","RHBDF2","FAM49B","ACLY","NXF1","NAGK","BMP2K","LIMS1","PREX1","BRI3","DMTN","ANXA6"
"PLA2G1B","FCGBP","C6","FTH1","SPP1","COL6A1","ETV5","PDZK1IP1","REEP5","RNF130","NACA","KIAA1324","DOCK9","ATP1B3","LPCAT2","CMTM6","CCL4L2","RNF24","AURKB","SMIM3"
"AMY1C","MUC5B","LYZ","MYL12B","APCS","CRABP2","LGALS1","DUOXA2","FKBP4","MFSD1","SLC44A2","IFT22","ADAM15","ARHGDIB","EGR3","TPP1","WIPF1","FOS","CFAP221","LAMB1"
"CLPS","AKR1B10","SLC4A4","NCBP2","SERPING1","KRT16","SAMHD1","EGLN3","CMIP","NPC2","CNN2","UROD","CALD1","CD74","WIPF1","LYZ","EVL","CMTM6","HUNK","IGFBP6"
"CPA1","NQO1","GC","RRP7A","WFDC2","S100A4","FYB1","ERO1A","ANKRD12","TBXAS1","NACA2","MEIS2","NNMT","RAB31","VWA5A","CD44","RGS1","TYMP","HDX","FGFR1"
"KLK1","AQP5","CRP","FAM3C","AGT","DCBLD2","KCTD12","SERPING1","CXXC5","VSIR","NPC2","SCOC","PDCD4","HLA-DRB5","PTPRC","RGS2","CD53","GRN","AURKA","RARRES2"
"PNLIP","TFF3","MUC5B","NSD3","C3","IGFBP2","CXCR4","ADM","HLA-E","SMAP2","COX5A","AGAP3","CD99","PLXDC2","C1orf186","RBPJ","SRGN","IFITM2","SPAG5","PDCD5"
"CTRB2","TFF2","ALDOB","CYB5R3","CA12","BCAT1","NUP210","EDN1","ARF3","GPX1","HERPUD1","RICTOR","SYNPO","HLA-DRA","IL2RG","IL1RN","AKNA","SDCBP","CCDC58","RHOBTB3"
"ERP27","AGR2","CLU","HSP90AB1","SPP1","COL17A1","DAGLB","CDKN1C","EID1","LIPA","IFI44L","ISCU","ZNF281","TNFSF13B","NR4A2","HBEGF","LAPTM5","METTL9","NDUFAF6","TTC28"
"AMY1A","DPCR1","APCS","SEC62","APCS","PLAU","NCKAP1L","IL32","TMEM45B","FTL","SUB1","EEF1A2","IGFBP4","RNASE1","LPXN","MSN","RAC2","VNN2","CDC25B","PLPP1"
"AMY1B","KRT8","FGA","AP2M1","SERPING1","RNASE1","COTL1","APOL2","SNX9","CD68","MYL12A","PPP1CC","RNASE1","COTL1","KIAA1147","FKBP1A","ETS1","IER2","TMEM241","PTK7"
"CPB1","IFI6","CES1","EEF1A1","WFDC2","KRT17","CHST11","CREB5","ERBB3","ARL4C","IRF2BP2","DCAF10","OAF","SAT1","GALNT6","NAMPT","CELF2","LYZ","TUBGCP6","SH3BP5"
"P4HA3","TFF1","TFF1","SQSTM1","AGT","S100P","SLC15A3","MDK","PEBP1","UCP2","MINOS1","RGS17","TMEM109","SIRPA","FGL2","SLC25A6","SPOCK2","TSPO","C19orf54","LRP1"
"GP2","LDHB","F5","POLDIP3","C3","EMP1","RAB31","TSHZ2","VWA1","FTH1","CD99","NAP1L1","SRP14","PLD3","CSF1","SDCBP","STK17B","IVNS1ABP","CHEK1","TCF4"
"PRSS2","FCGBP","DMBT1","CNN2","CA12","LRRC8A","AXL","VNN1","AKAP9","CTSB","SEL1L3","VPS52","MT1G","NR4A2","FMNL1","GRB2","CD37","SBNO2","MCRS1","PUM3"
"AMY2A","MUC5B","CFTR","CLEC2D","SPP1","SLC20A1","HCST","PDLIM1","PLPP2","METRNL","SLC3A2","PREP","GSN","CTSS","STK17B","NPC2","TNFRSF1B","PHC2","NEK2","ZNF268"
"REG3G","AKR1B10","CEACAM7","RACK1","APCS","BST2","HCK","PFKP","SMIM14","CMTM3","SPCS3","ZMYND11","HDAC7","HLA-DQA1","TSEN54","GSTO1","FNBP1","CHD1","SERPINB3","LTBP1"
"PRSS1","NQO1","UGT2B15","ITGB4","SERPING1","ACTN4","EVI2B","MYADM","SH2D6","GNA13","RSF1","CHID1","MRPL33","HLA-DMB","SEMA4D","TYMP","ALOX5AP","SH3BGRL3","AP3B1","MXRA5"
"AMY2B","AQP5","SLC40A1","MAP3K13","WFDC2","TRIM29","CELF2","SLC2A1","BMX","AP1B1","EIF3D","ZNRF1","FXYD5","TFRC","ACP5","ATP13A3","VIM","GRB2","TRMO","FLNA"
"FYN","TFF3","NOSTRIN","CLTB","AGT","CD9","TGFB1","CA12","TRPM5","ITM2B","MYD88","SECISBP2","GUK1","GNAI2","ACER3","UCP2","TMSB4X","FAM177B","SERPINB4","ILK"
"REG1B","TFF2","OLFM4","TMPRSS4","C3","RRP7A","MEF2A","NDRG1","CCDC129","ARHGAP18","SLC20A1","BEND7","YBX1","CTSD","TNFAIP3","GRINA","ACTB","PNRC1","CCNB2","CALD1"
"TPST2","AGR2","GATM","NDUFA6","CA12","EPS8L1","SLC7A5","PRSS8","SH2D7","SORL1","REL","PLEKHG3","NHP2","IL1RN","CREM","RHBDD2","IL32","EGR1","TMEM41B","PLOD1"
"FAM84A","DPCR1","XBP1","HSPD1","SPP1","ISG15","GPX1","ATF3","RGS13","TYMP","UGCG","LRP11","FLNA","PPT1","NR2C2","CXCL16","TNFAIP3","TPP1","C19orf66","APEX2"
"IL22RA1","KRT8","GOLPH3","EIF4G1","APCS","GPRC5A","STMN1","PIM1","CORO2B","HERPUD1","IRF4","ATXN3","MYH9","NPC2","SLC11A2","ACTR2","FLNA","FLOT2","HLA-DOA","WIPF1"
"TMEM97","IFI6","ASRGL1","ERO1A","SERPING1","SSFA2","HLA-DMA","GADD45A","DKK3","ADA2","JCHAIN","FAM53C","GLTP","PLIN2","CHST12","MGAT1","COTL1","ROCK1","TRMT2B","PAM"
"PRSS3","TFF1","CRISP3","EEF2","WFDC2","NET1","MAFB","BMP2","PLG","RAPGEF1","LILRA4","SCRN1","RTL8C","FCGRT","LIF","FBP1","PFN1","ZFP36L1","TIMM17A","PLOD2"
"IGFBP2","LDHB","REG1A","LDHA","AGT","SAMD9","SLC7A7","VEGFA","HEPACAM2","ATP1B3","GZMB","TAPT1","IFITM3","CXCL16","NFKBIZ","RHOG","SH3BGRL3","TKT","PLK1","CBLB"
"GATM","FCGBP","MMP1","RRAS","C3","LAMC2","LHFPL2","RNASET2","HPGDS","GRN","PLD4","NECAP1","TCEAL4","UCP2","SYTL2","SLC16A3","S100A4","ZFP36","MPHOSPH9","COL6A1"
"REG3A","MUC5B","REG3A","HMGA1","CA12","CD82","ST6GAL1","SLC6A8","SPIB","RB1","IL3RA","CEBPD","CNIH1","PLAUR","ELOVL5","CTSL","CFL1","CFLAR","SPECC1","IGFBP4"
"SPINK1","AKR1B10","PIGR","SSFA2","SPP1","ANO1","SAP30","CXCL8","LRMP","ATP6V1B2","SERPINF1","GOLGA3","CMIP","IFNGR1","NFE2L3","CTSH","UCP2","PPP1R15A","PYURF","FZD1"
"REG1A","NQO1","TCN1","KPNA4","APCS","FXYD3","HLA-DMB","APOL1","NTM","CTSL","SPIB","NIPSNAP3A","IFITM2","PHC2","NSMCE1","LRP1","PIK3R1","ALOX5","GYPC","ESYT2"
"RBP1","AQP5","PPP1R1B","PRKCI","SERPING1","LIF","CD37","IGFBP3","KIT","CD81","LILRB4","SCD","MT2A","RNASET2","TSC22D3","UBE2D3","MSN","ASAH1","CDK5RAP1","TIMP2"
"PRDX4","TFF3","SERPINA1","PPP1R2","WFDC2","IFI27","HMOX1","CLDN4","HCK","SAT1","IL10RA","WDR18","CCDC50","PLAU","EVI2B","LITAF","BTG1","WSB1","HGD","ANKRD13A"
"NUCB2","TFF2","AQP3","FXYD3","AGT","ANXA2","FOXN3","TACSTD2","SDC2","TMSB4X","PIM2","MYLIP","MTUS1","GRB2","RGS2","HK1","CD99","PELI1","CPVL","THBS1"
"EIF4EBP1","AGR2","CLDN2","LIPH","C3","SKIL","DENND3","RAP2B","AVIL","SGK1","IRF8","RABGGTB","CAMTA1","LIMS1","BEX4","YBX1","MYH9","ARPC3","CCNB1","DEGS1"
"TCEA3","DPCR1","C6","ADAM9","CA12","EFNB2","FCGRT","SAT1","PSTPIP2","MARCKS","GPR183","SMPDL3A","YBX3","LYN","ABRACL","JUNB","IDS","CXCL8","COPS8","STEAP2"
"CPA5","KRT8","LYZ","SERP1","SPP1","NDUFA6","DAB2","DUOX2","LIPG","SEC14L1","RGS1","MECP2","RHOC","METRNL","RASSF5","TLN1","ID2","UBE2B","CEP68","BICC1"
"CPA2","IFI6","SLC4A4","LGALS3","APCS","RARRES3","UCP2","C15orf48","PTGS1","NR4A2","MPEG1","DCAF8","PITPNC1","RAB20","MAOB","SOCS3","ARPC2","LAMTOR1","SLC2A10","VIM"
"CEL","TFF1","GC","RAB11FIP1","SERPING1","IFIT1","HLA-DRA","SOX4","NRGN","CXCL16","CD37","PLEKHA3","S100A13","LAMP1","PTGS2","ARPC5","LDHB","MAP1LC3B","LIN7C","PTGFRN"
"SYCN","LDHB","CRP","MGAT4B","WFDC2","SYNGR2","EPB41L2","CA9","VAV1","NUDT3","CD4","FBXO22","PPP3CA","RGS2","IDS","ATP6V0B","TMA7","TALDO1","SEMA4C","CD99"
"CUZD1","FCGBP","MUC5B","BSG","AGT","CAV1","VSIR","SRD5A3","GRASP","MSN","PLAC8","COPS7A","PXN","TYMP","GNPTAB","VEGFA","ADGRE5","ARPC2","ACSL5","KIDINS220"
"CELA2A","MUC5B","ALDOB","QSOX1","C3","HIST2H2AA3","BASP1","TPM1","FYB1","CEBPD","FCHSD2","PDCD4","SERPINH1","TTYH3","CCNG2","ZYX","POTEI","TSPAN14","LBR","CMTM3"
"CELA3B","AKR1B10","CLU","HSPA1B","CA12","SPINT1","SH3KBP1","BNIP3","AOC1","GLUL","CXCR4","DYNLRB1","PEA15","MSN","DUSP10","ARPC2","PIM1","CSRNP1","SMIM15","CRTAP"
"PNLIPRP1","NQO1","APCS","HSPA1A","SPP1","SPINT2","HLA-DRB5","CLDN3","PIK3CG","RNASET2","TYROBP","FOXP4","KLF2","ASAH1","TMEM44","SOD2","BUB3","PLAUR","NPRL3","FSCN1"
"CELA2B","AQP5","FGA","CCT3","APCS","CYB5R3","SKI","MUC20","AZGP1","ATP6AP1","SELL","RAB27A","TMEM2","ADPGK","CRBN","PFDN5","ZFP36L2","TLN1","CCDC34","LAMC1"
"CTRC","TFF3","CES1","LAMB3","SERPING1","PLA2G16","HLA-DRB1","DUSP5","POU2F3","GNAI2","NCKAP1L","NUCB1","ARRDC3","TPP1","CMTM3","ATP6V1F","TSC22D3","MSN","PDRG1","SERPINH1"
"CELA3A","TFF2","TFF1","ARFGAP3","WFDC2","TINAGL1","CD74","RAB11FIP1","SKAP2","CTSS","LAPTM5","GNAS","NACA2","CAPG","BTG2","ZNF90","HLA-E","UBE2D3","ABHD11","PLAU"
"PDIA2","AGR2","F5","C19orf33","AGT","CTSE","MGAT4A","PGK1","INPP5B","TPP1","LCP1","INPP4B","IL6ST","SDCBP","ABHD17B","RNF149","PABPC1","TRIB1","MIS18A","PRDX6"
"AQP8","DPCR1","DMBT1","CTSC","C3","LAMA3","SIPA1","PDZK1IP1","PLCG2","RAB20","CYBB","ARHGAP35","NPDC1","ATP6V1F","LGALS1","RAB7A","ATP5EP2","ADGRE5","PUDP","CTGF"
"CTRB1","KRT8","CFTR","SLC12A2","CA12","JUP","GGA2","DUOXA2","KCTD12","ZFP36","CELF2","SEC16A","WWTR1","GPX1","UBA7","SLC25A37","FXYD5","S100A12","UBQLN4","TMEM115"
"PLA2G1B","IFI6","CEACAM7","NDRG1","SPP1","CSTB","PLAC8","EGLN3","ALOX5AP","C3","HCLS1","VAMP2","IVNS1ABP","GNA13","ARRB2","GNAI2","CAP1","FCN1","ALS2","CNN3"
"AMY1C","TFF1","UGT2B15","S100P","APCS","POLDIP3","TLN1","ERO1A","PLEKHB1","SH3KBP1","CCDC88A","TPD52","PPIC","HEXA","SH3KBP1","PABPC3","ARPC1B","S100A8","DPYSL2","MMP14"
"CLPS","LDHB","SLC40A1","COL17A1","SERPING1","LPCAT4","SCPEP1","SERPING1","PBXIP1","LGMN","PTPRC","MAN1A2","SNU13","TLN1","PRKD3","H2AFY","ZNF90","FPR1","TMEM67","TSKU"
"CPA1","FCGBP","NOSTRIN","TM4SF1","WFDC2","WNK1","MAP3K8","ADM","ATP2A3","OAZ1","HLA-DPA1","PIP4K2C","TIMP1","BRI3","OXA1L","GNS","SP100","S1PR4","CRY2","CREB3L2"
"KLK1","MUC5B","OLFM4","PITX1","AGT","TCF20","ACTB","EDN1","ADH1C","FAM49B","CD53","TOLLIP","ADGRL4","ATP6AP2","AGAP3","BRI3","ATP5E","SELL","FAM46C","CYP4V2"
"PNLIP","AKR1B10","GATM","CLDN1","C3","LIMS1","METRNL","CDKN1C","PTPN18","SERPINB9","LSP1","GRAMD4","RAMP2","CEBPB","TPCN1","NHSL2","EEF1B2","MCEMP1","OSBPL10","ABL1"
"CTRB2","NQO1","XBP1","S100A14","CA12","PDIA3","CTSZ","IL32","ZFHX3","FXYD5","HLA-DQA1","MRPL41","VWF","HSPA1A","PTPN6","FCN1","TLN1","S100A9","PKN2","IGFBP3"
"ERP27","AQP5","GOLPH3","PTGS2","SPP1","NSD3","MYO9B","APOL2","KIAA1324","CST3","HLA-DPB1","SEM1","CLEC14A","CTSC","ELL2","MCEMP1","ARL4C","CSF3R","NCALD","CTSL"
"AMY1A","TFF3","ASRGL1","FSCN1","APCS","RND3","HMGB2","CREB5","SPRY1","NAMPT","CYFIP2","XRCC6","ECSCR","TIMP2","RSAD2","AQP9","MBNL1","JAML","EIF4ENIF1","MAF"
"AMY1B","TFF2","CRISP3","CTSE","SERPING1","ARPC2","QKI","MDK","INPP5D","IFNGR1","UCP2","SPG7","SOX18","BTG1","ID2","LILRB1","NAP1L1","MNDA","RBM38","NCOR2"
"CPB1","AGR2","REG1A","EIF4A2","WFDC2","NOP10","GNAI2","TSHZ2","CSK","ACTB","VEGFB","XRN1","RAMP3","HSPA1B","CTNNBL1","SPI1","VAMP2","HRH2","GTF3C4","OSBPL8"
"P4HA3","DPCR1","MMP1","GPX4","AGT","SFN","RAC2","VNN1","FURIN","ASAH1","MEF2C","GNAI2","EMCN","FLNA","CDC42EP3","CD52","WDR1","LILRB3","PRR7","CKAP4"
"GP2","KRT8","REG3A","TRIM29","C3","MYOF","EDEM1","PDLIM1","MELTF","LITAF","AKNA","CTBS","CDH5","MX2","NPIPA7","NCF2","UBL5","GMFG","SLC25A39","8-Sep"
"PRSS2","IFI6","PIGR","FXR1","CA12","PML","ZNF331","PFKP","RASSF6","PER1","CORO1A","CLNS1A","SPARCL1","CRTAP","AREG","IL1B","NPM1","OSM","HAX1","KCTD12"
"AMY2A","TFF1","TCN1","RPL22L1","SPP1","S100A6","GRB2","MYADM","IL13RA1","CAPG","SRGN","OAZ1","PLVAP","GRINA","MAP3K8","SLC2A14","TPM3","LSP1","TMEM242","EDEM1"
"REG3G","LDHB","PPP1R1B","LAMC2","APCS","ITGAV","FAM49B","SLC2A1","UCP2","TIMP2","ALOX5AP","SUCO","RHOJ","OAS3","TNFAIP8","CD86","ZFP36","LST1","BET1","ADM"
"PRSS1","FCGBP","SERPINA1","S100A6","SERPING1","TMEM87A","OGFRL1","CA12","TRAK1","HIF1A","HLA-DQB1","MRFAP1L1","CLDN5","HLA-DMA","NPIPA2","FCER1G","ZYX","ACSL1","MED30","TUBB6"
"AMY2B","MUC5B","AQP3","ACTL6A","WFDC2","STAT1","DDX39A","NDRG1","SPTLC2","MGAT1","CLN8","TUSC3","ACKR1","XAF1","RRN3","S100A8","IL2RB","LCP1","HIGD2B","STOML2"
"FYN","AKR1B10","CLDN2","KRT17","AGT","KCNN4","LAMTOR4","PRSS8","TMEM176B","ACTR2","VIM","PRKACB","PCDH17","RALA","GLUL","SDS","CD247","AQP9","EML3","DLGAP4"
"REG1B","NQO1","C6","NPM1","C3","TNKS1BP1","NPC2","ATF3","MARCKSL1","SIRPA","CD74","SEC24C","S1PR1","REL","MYO9B","FGR","CD2","SPI1","HLTF","BMS1"
"TPST2","AQP5","LYZ","CD55","CA12","ANXA1","AP1B1","PIM1","MAN2A1","CMTM6","HLA-DRA","TMX4","SPARC","HEXB","NFKBIA","CYBB","GZMA","RIPOR2","STRADB","NEK6"
"FAM84A","TFF3","SLC4A4","GABRP","SPP1","RAB11A","STK17B","GADD45A","ELOVL7","CTSZ","SAMHD1","SCG3","CALCRL","RNF149","RHOG","ITGAX","CCL5","CORO1A","PCBD1","TCEAL9"
"IL22RA1","TFF2","GC","SSR3","APCS","PCDH1","PPP1R18","BMP2","TMEM176A","QKI","SLC7A5","NEUROD1","ESAM","MARCKS","PRNP","TLR2","PRF1","ICAM3","SLC25A37","MAGED2"
"TMEM97","AGR2","CRP","CCDC50","SERPING1","RBMS1","GNA13","VEGFA","NCMAP","DUSP1","ERN1","NKX2-2","TIE1","MMP14","CCNL2","GLIPR2","CD7","FGR","HBA1","TMEM147"
"PRSS3","DPCR1","MUC5B","PTMA","WFDC2","ASAP2","RNF130","RNASET2","GNAI2","BTG1","OFD1","STMN2","COL15A1","LITAF","PDE4A","TYROBP","GNLY","BASP1","SLC4A1","GRPEL1"
"IGFBP2","KRT8","ALDOB","PSMD2","AGT","YBX3","CACYBP","SLC6A8","PAPSS2","RAP1A","HLA-DMB","PCSK1","COL4A1","GSTO1","PPM1N","SLC11A1","CD69","CFD","BRSK1","GLIS3"
"GATM","IFI6","CLU","JUP","C3","CAP1","RAPGEF1","CXCL8","CREG1","PABPC4","PTPN1","SCG5","CD34","QKI","FOSB","LAPTM5","CD52","SLC2A3","FOXJ1","PDLIM4"
"REG3A","TFF1","APCS","POLR2H","CA12","ITGB6","TMSB4X","APOL1","CDCP1","IRS2","STMN1","PTPRN","COL4A2","ABHD12","ATP1B3","ARRB2","CORO1A","C5AR1","TBKBP1","COPS8"
"SPINK1","LDHB","FGA","NAGA","SPP1","FLNB","RHOG","IGFBP3","ALOX5","RHOG","RGS2","SCG2","LRRC32","SGK1","ESYT1","ZEB2","LCK","TYROBP","HBA2","IARS"
"REG1A","FCGBP","CES1","TAGLN2","APCS","BAIAP2","NUDT3","CLDN4","ANXA1","CTSC","ARHGDIB","CHGB","EGFL7","OAS2","DDX5","MPEG1","LTB","ITGAM","FAM72D","RAB6A"
"RBP1","MUC5B","TFF1","GSTP1","SERPING1","CLTB","IL17RA","TACSTD2","CHDH","MOB1A","RNASET2","CHGA","ADGRF5","CEBPD","MTR","FCGR2A","HCST","CD37","FAM72C","IMP4"
"PRDX4","AKR1B10","F5","SYNGR2","WFDC2","MAL2","NFYC","RAP2B","ALDH2","LYN","HLA-DQA2","ELAVL4","SH2D3C","IDH1","RNF130","SLA","LCP1","IL1R2","HBB","MAGED1"
"NUCB2","NQO1","DMBT1","FTH1","AGT","NPC2","RGS2","SAT1","FKBP9","FOS","GRAMD1A","PRG4","APOLD1","CD81","NPIPA3","SLC2A3","CCL4","FCER1G","CDKN2A","IFITM3"
"EIF4EBP1","AQP5","CFTR","MYL12B","C3","PACSIN2","SKAP2","DUOX2","SEC11C","TSC22D3","MAPKAPK2","KIF1A","A2M","RAB5C","CHSY1","OLR1","LCP2","IRAK3","PRRT1","TGFBR2"
"TCEA3","TFF3","CEACAM7","NCBP2","CA12","S100A10","RCC2","C15orf48","CALM2","RNF13","IDH3A","BEX1","ITM2A","MT2A","LACTB","S100A9","PTPRC","ARRB2","FIGN","RBMS1"
"CPA5","TFF2","UGT2B15","RRP7A","SPP1","PPL","OAZ1","SOX4","EIF5","TTYH3","RASSF5","CD200","IL3RA","FAM49B","SPART","C3AR1","IL2RG","PTPRC","FAM72A","RRAGC"
"CPA2","AGR2","SLC40A1","FAM3C","APCS","ITGA3","CFL1","CA9","TUBA1A","RUNX1","PABPC1","TMOD1","PXDN","FNIP2","SH3BGRL","LCP1","LSP1","SRGN","HJURP","OAF"
"CEL","DPCR1","NOSTRIN","NSD3","SERPING1","TMEM184B","PPIA","SRD5A3","TGOLN2","KLF4","OAZ1","PPY","RASIP1","HBEGF","ICAM1","VCAN","ARHGDIB","LAPTM5","CENPO","CALU"
"SYCN","KRT8","OLFM4","CYB5R3","WFDC2","SMDT1","TUBA1B","TPM1","TPD52L1","USF2","RAC2","ARX","HEG1","SATB1","ARHGAP18","C5AR1","CXCR4","CD93","B3GALNT1","RTL8C"
"CUZD1","IFI6","GATM","HSP90AB1","AGT","ANXA3","FXYD5","BNIP3","TMEM87A","ATP6AP2","SH3KBP1","UCHL1","CD93","ADM","NR4A1","TNFRSF1B","PREX1","ITGB2","PCOLCE","TUBA1A"
"CELA2A","TFF1","XBP1","SEC62","C3","SYT8","ADA2","CLDN3","BTG2","HSPA1B","SFT2D2","CPE","PECAM1","SLC3A2","IER5","LSP1","CCL4L2","EVI2B","SNCA","LTBP3"
"CELA3B","LDHB","GOLPH3","AP2M1","CA12","PARP9","CTSB","MUC20","H3F3A","HSPA1A","APRT","PCSK1N","ENG","IFIT3","PPP1R15B","AIF1","WIPF1","HCK","CDCA3","LZTS2"
"PNLIPRP1","FCGBP","ASRGL1","EEF1A1","SPP1","MANSC1","IFNGR1","DUSP5","PTPRJ","RNF149","SSTR2","SAMD11","SLCO2A1","FXYD5","ZDHHC2","SRGN","EVL","HCLS1","DMTN","CALR"
"CELA2B","MUC5B","CRISP3","SQSTM1","APCS","MMP14","ATP6V1B2","RAB11FIP1","EPB41L1","CTSA","RACK1","GHRL","TCF4","CMTM6","FXYD5","CD53","RGS1","GCA","AURKB","PALLD"
"CTRC","AKR1B10","REG1A","POLDIP3","SERPING1","ITGB4","ATG3","PGK1","CNN3","SERINC1","NOP53","ST18","IGFBP7","ATP6V0B","NPIPA8","GPR183","CD53","SAMSN1","CFAP221","PTEN"
"CELA3A","NQO1","MMP1","CNN2","WFDC2","IFIT3","ARL4C","PDZK1IP1","BUB3","REL","PTPRE","TNFRSF19","GIMAP4","ADAR","ANP32E","CSF1R","SRGN","BCL2A1","HUNK","C1QTNF1"
"PDIA2","AQP5","REG3A","CLEC2D","AGT","SCNN1A","GRN","DUOXA2","MYO1B","CTSD","ACTR2","PAX6","MGP","TSPAN14","DEGS1","FMNL1","AKNA","ST20","HDX","NDUFAF3"
"AQP8","TFF3","PIGR","RACK1","C3","RRAS","HERPUD1","EGLN3","RNF24","CTSH","ATP5EP2","ISL1","MCAM","SOCS3","PAG1","HCLS1","LAPTM5","G0S2","AURKA","ATXN2"
"CTRB1","TFF2","TCN1","ITGB4","CA12","TACSTD2","APOPT1","ERO1A","RTN4","C1QC","LYN","TMEM74B","FAM198B","ISG15","WBP1L","ACP5","RAC2","TNFRSF1B","SPAG5","COL18A1"
"PLA2G1B","AGR2","PPP1R1B","MAP3K13","SPP1","KLK10","RHBDF2","SERPING1","HIPK2","C1QB","HLA-DRB1","TTR","ITGA5","MMP19","PPP1R18","MS4A7","ETS1","SLC11A1","CCDC58","RB1"
"AMY1C","DPCR1","SERPINA1","CLTB","APCS","CCND1","RAP1A","ADM","MAX","C1QA","IRF7","DLG4","HTRA1","PLA2G7","ANKRD28","FPR1","CELF2","CDA","NDUFAF6","BLOC1S6"
"CLPS","KRT8","AQP3","TMPRSS4","SERPING1","LAMB3","ARPC4","EDN1","2-Sep","CSF1R","RHOG","FAM169A","ACVRL1","FPR3","ALOX5","VIM","SPOCK2","SLC2A14","CDC25B","HGSNAT"
"CPA1","IFI6","CLDN2","NDUFA6","WFDC2","ITGA6","PFN1","CDKN1C","EHF","SLCO2B1","CIRBP","FXYD6","ITPRIP","SDS","NPIPA1","WAS","STK17B","RGS2","TMEM241","B4GALT1"
"KLK1","TFF1","C6","HSPD1","AGT","MYH14","PSAP","IL32","CDS1","MS4A7","PFN1","SCGN","ADAMTS9","MS4A4A","RSRP1","HCST","CD37","ARHGDIB","TUBGCP6","ZFP36L1"
"PNLIP","LDHB","LYZ","EIF4G1","C3","C15orf48","ARHGAP18","APOL2","HMCES","A2M","HLA-DRB5","SNAP25","PPM1F","CLEC5A","SRSF7","ENG","TNFRSF1B","NCKAP1L","C19orf54","MYH9"
"CTRB2","FCGBP","SLC4A4","ERO1A","CA12","ITGB5","TCF12","CREB5","PPDPF","TREM2","ARL4C","NLRP1","TNFAIP8L1","FCGR2A","NAP1L1","RAB31","FNBP1","S100A4","CHEK1","PGAM1"
"ERP27","MUC5B","GC","EEF2","SPP1","TNFSF10","CAPZA1","MDK","SORT1","APOE","SARAF","FAM171B","PKIG","GPNMB","MDM4","RGCC","ALOX5AP","VSIR","MCRS1","ECE1"
"AMY1A","AKR1B10","CRP","LDHA","APCS","MT2A","ARPC3","TSHZ2","JUNB","FCGR3A","EEF1B2","FAM92A","SASH1","OLR1","NCOA4","HLA-DPB1","VIM","FCGR2A","NEK2","C6orf48"
"AMY1B","NQO1","MUC5B","RRAS","SERPING1","MMP7","BLOC1S6","VNN1","UTRN","CD163","IDS","BAIAP3","TIMP3","FCGR3A","PLEKHA2","MPP1","TMSB4X","CD53","SERPINB3","SEC61G"
"CPB1","AQP5","ALDOB","HMGA1","WFDC2","LY6D","MTHFD2","PDLIM1","VAMP2","MS4A6A","CCDC50","CCDC122","CDC42EP3","CD163","MAPK1","BCL2A1","ACTB","FYB1","AP3B1","PARVA"
"P4HA3","TFF3","CLU","SSFA2","AGT","COL6A2","H1FX","PFKP","TAPBP","FCGR2A","DBNL","ARMCX2","SPRY1","ITGAX","SLC39A11","SLC43A2","IL32","CD14","TRMO","MYADM"
"GP2","TFF2","APCS","KPNA4","C3","COL6A1","HEXA","MYADM","PDLIM5","STAB1","PARK7","CADPS","PODXL","C5AR1","SNX5","TGFBI","TNFAIP3","SSH2","SERPINB4","C12orf57"
"PRSS2","AGR2","FGA","PRKCI","CA12","CRABP2","LITAF","SLC2A1","SOX9","GPR183","FYTTD1","SNCA","THBD","IL7R","RHBDD2","CD37","FLNA","ALOX5AP","CCNB2","QKI"
"AMY2A","DPCR1","CES1","PPP1R2","SPP1","KRT16","SGK1","CA12","CIRBP","FCGR2B","NLRP2","MXRA7","PLEKHO1","FCGR3B","SCIN","HCK","COTL1","VCAN","TMEM41B","THBS2"
"REG3G","KRT8","TFF1","FXYD3","APCS","S100A4","ZNF106","NDRG1","PNISR","FGL2","TSPAN13","FAM167A","VIM","C1QA","LAPTM4A","COTL1","PFN1","COTL1","C19orf66","THY1"
"PRSS1","IFI6","F5","LIPH","SERPING1","DCBLD2","TUBA1A","PRSS8","NEDD4L","LAIR1","CSDE1","TPST1","PTPRG","MRC1","DDX3Y","ATP6V1B2","SH3BGRL3","SMAP2","HLA-DOA","HS3ST3A1"
"AMY2B","TFF1","DMBT1","ADAM9","WFDC2","IGFBP2","POTEE","ATF3","SPINT1","FCGR3B","ACTB","SCAMP5","PRSS23","APOE","SKIL","ITGB2","S100A4","RAB31","TRMT2B","COL3A1"
"FYN","LDHB","CFTR","SERP1","AGT","BCAT1","PCLAF","PIM1","TXNIP","CYBB","GPX1","ATP6V0E2","CAVIN1","MSR1","ZFAND5","GPSM3","CFL1","JUNB","TIMM17A","LUM"
"REG1B","FCGBP","CEACAM7","LGALS3","C3","COL17A1","SYK","GADD45A","RUNX1","HLA-DQB2","SPCS1","RHOBTB3","NOTCH1","VSIG4","CAPG","HLA-DPA1","UCP2","NAMPT","PLK1","COL1A2"
"TPST2","MUC5B","UGT2B15","RAB11FIP1","CA12","PLAU","PLXDC2","BMP2","ATP2C1","APOC1","SERP1","SMOC1","A4GALT","C1QC","ZFP36","CXCR4","PIK3R1","FTL","MPHOSPH9","COL5A1"
"FAM84A","AKR1B10","SLC40A1","MGAT4B","SPP1","RNASE1","CNN2","VEGFA","EGR1","MSR1","VAMP8","NCAM1","PLEKHG1","TREM2","PRRC2B","METRNL","MSN","RHOG","SPECC1","GLT8D2"
"IL22RA1","NQO1","NOSTRIN","BSG","APCS","KRT17","TYMP","RNASET2","SORL1","AIF1","DUSP5","APBB1","PRKCH","TREM1","ARL6IP5","PLXDC2","BTG1","CTSS","PYURF","PDGFRB"
"TMEM97","AQP5","OLFM4","QSOX1","SERPING1","S100P","H2AFZ","SLC6A8","PTP4A2","CD4","PTEN","NIPSNAP3B","DLC1","MS4A7","TRA2B","SIRPA","CD99","CEBPB","GYPC","FBN1"
"PRSS3","TFF3","GATM","HSPA1B","WFDC2","EMP1","NAGA","CXCL8","LRP5","DSE","LGMN","MAP2","AQP1","RGS1","SLC9A1","VDR","MYH9","FTH1","CDK5RAP1","SFRP4"
"IGFBP2","TFF2","XBP1","HSPA1A","AGT","LRRC8A","MSN","APOL1","TMA7","HLA-DOA","LITAF","QPCT","FSCN1","GPR183","DUSP6","WIPF1","IDS","PTK2B","HGD","SPON1"
"GATM","AGR2","GOLPH3","CCT3","C3","SLC20A1","CST3","IGFBP3","NCOA7","RGS1","SNX3","PAM","MLLT1","AQP9","IL4R","SAMHD1","ID2","ACTB","CPVL","MXRA8"
"REG3A","DPCR1","ASRGL1","LAMB3","CA12","BST2","ATP6V1F","CLDN4","CNP","ITGB2","SEC61B","C21orf91","CAV1","SLCO2B1","IFITM2","JARID2","ARPC2","BTG2","CCNB1","HTRA3"
"SPINK1","KRT8","CRISP3","ARFGAP3","SPP1","ACTN4","KIAA0930","TACSTD2","AZIN1","MS4A4A","APEX1","ERO1B","CAVIN3","CCL3","IRS2","CD14","LDHB","TSC22D3","COPS8","GAS1"
"REG1A","IFI6","REG1A","C19orf33","APCS","TRIM29","DNAJC5","RAP2B","CAPRIN1","FCER1G","COX4I1","RRP15","FZD6","PLEKHO1","C6orf48","HLA-DQB1","TMA7","VIM","CEP68","COL6A3"
"RBP1","TFF1","MMP1","CTSC","SERPING1","CD9","ACTR2","SAT1","REEP5","HAVCR2","PPP1R14B","NEK1","HSPG2","CYBB","CKLF","FTH1","ADGRE5","THBS1","SLC2A10","MFAP2"
"PRDX4","LDHB","REG3A","SLC12A2","WFDC2","RRP7A","SH3BGRL","DUOX2","FKBP4","OLR1","NAP1L1","MS4A8","SEC14L1","CLEC7A","MITF","ALOX5AP","POTEI","GLUL","LIN7C","CTHRC1"
"NUCB2","FCGBP","PIGR","NDRG1","AGT","EPS8L1","ROCK1","C15orf48","CMIP","GNB4","CTSB","GPX3","ARHGAP23","SPI1","STK4","SH3BGRL3","PIM1","LITAF","SEMA4C","ISLR"
"EIF4EBP1","MUC5B","TCN1","S100P","C3","ISG15","CAPG","SOX4","ANKRD12","LAPTM5","BTG2","CDKN2AIPNL","ELK3","FCER1G","CD9","FLNA","BUB3","PTGS2","ACSL5","ANTXR1"
"TCEA3","AKR1B10","PPP1R1B","COL17A1","CA12","GPRC5A","VPS29","CA9","CXXC5","THEMIS2","EEF1A1","ROGDI","NDRG1","LAPTM5","NDUFA4","CTSS","ZFP36L2","FLNA","LBR","CCDC80"
"CPA5","NQO1","SERPINA1","TM4SF1","SPP1","SSFA2","DRAM2","SRD5A3","HLA-E","ENG","FAM49B","DNAJB4","FKBP1C","C3AR1","2-Sep","PTPN6","TSC22D3","H3F3A","SMIM15","CYGB"
"CPA2","AQP5","AQP3","PITX1","APCS","NET1","ARPC5","TPM1","ARF3","C5AR1","NACA","LDOC1","PNP","C1QB","B4GALT5","TIMP1","HLA-E","SLC25A37","NPRL3","BGN"
"CEL","TFF3","CLDN2","CLDN1","SERPING1","SAMD9","LYN","BNIP3","EID1","SPI1","SLC44A2","TTC8","UPP1","APOC1","AKAP13","FTL","PABPC1","TNFSF13B","CCDC34","POSTN"
"SYCN","TFF2","C6","S100A14","WFDC2","LAMC2","TRABD","CLDN3","TMEM45B","TYROBP","CNN2","INPP5F","ABCG1","TYROBP","EFCAB14","PSAP","ATP5EP2","PTPRE","PDRG1","FBLN2"
"CUZD1","AGR2","LYZ","PTGS2","AGT","CD82","C17orf62","MUC20","SNX9","TGFBI","NACA2","RFWD3","FKBP1A","CCR1","H2AFV","HLA-DRA","FXYD5","FKBP5","ABHD11","AEBP1"
"CELA2A","DPCR1","SLC4A4","FSCN1","C3","ANO1","MARCKS","DUSP5","ERBB3","C3AR1","NPC2","FGFR1","TGFBR2","EPB41L3","REL","PTPRE","CAP1","DUSP1","MIS18A","SPARC"
"CELA3B","KRT8","GC","CTSE","CA12","FXYD3","TMPO","RAB11FIP1","PEBP1","MPEG1","COX5A","SEC11C","SELENON","SLC11A1","AHNAK","GLUL","ARPC1B","PSAP","PUDP","COL5A2"
"PNLIPRP1","IFI6","CRP","EIF4A2","SPP1","LIF","SERPINB9","PGK1","VWA1","HLA-DQB1","HERPUD1","FAM46C","NGDN","TNFRSF1B","ANXA1","HLA-DRB1","ZNF90","GNAI2","UBQLN4","FMO1"
"CELA2B","TFF1","MUC5B","GPX4","APCS","IFI27","SSR1","PDZK1IP1","AKAP9","ARRB2","IFI44L","CMTM8","EPAS1","TGFBI","ARGLU1","SAT1","SP100","CEBPD","ALS2","LOXL2"
"CTRC","LDHB","ALDOB","TRIM29","SERPING1","ANXA2","NR4A2","DUOXA2","PLPP2","FPR1","SUB1","SIRT6","VAMP5","BASP1","MYADM","ATP1B3","ATP5E","RBMS1","DPYSL2","PDPN"
"CELA3A","FCGBP","CLU","FXR1","WFDC2","SKIL","MGAT1","EGLN3","SMIM14","NCKAP1L","MYL12A","METRN","PLPP1","FGL2","CD44","VSIR","EEF1B2","SAT1","TMEM67","PAPPA"
"PDIA2","MUC5B","APCS","RPL22L1","AGT","EFNB2","MAPRE2","ERO1A","SH2D6","PLTP","IRF2BP2","STAT5A","ETS1","CD83","IER2","ACTB","TLN1","IRS2","CRY2","CTSK"
"AQP8","AKR1B10","FGA","LAMC2","C3","NDUFA6","MOB1A","SERPING1","BMX","CD84","MINOS1","PIBF1","PTPN14","AIF1","DENND1B","S100A4","ARL4C","SOD2","FAM46C","FMOD"
"CTRB1","NQO1","CES1","S100A6","CA12","RARRES3","LBR","ADM","TRPM5","PLEKHO1","CD99","KCTD12","MSN","ITGB2","PER1","BTG1","MBNL1","ARPC1B","OSBPL10","GGT5"
"PLA2G1B","AQP5","TFF1","ACTL6A","SPP1","IFIT1","CEBPD","EDN1","CCDC129","AXL","SEL1L3","BEX3","SWAP70","SLC15A3","UBB","ZNF106","NAP1L1","ZYX","PKN2","LHFPL6"
"AMY1C","TFF3","F5","KRT17","APCS","SYNGR2","PPT1","CDKN1C","SH2D7","HLA-DQA1","SLC3A2","MFSD6","TGFBR3","ALOX5AP","BTN3A1","CD68","VAMP2","CD55","NCALD","TNFAIP6"
"CLPS","TFF2","DMBT1","NPM1","SERPING1","CAV1","NACA","IL32","RGS13","CD53","SPCS3","FAM219B","ATP1B3","HAVCR2","CYLD","HLA-DRB5","WDR1","OAZ1","EIF4ENIF1","MRC2"
"CPA1","AGR2","CFTR","CD55","WFDC2","HIST2H2AA3","RB1","APOL2","CORO2B","RGS10","RSF1","SLC36A4","STOM","SRGN","ADAR","CTSB","UBL5","RNF149","RBM38","FGF7"
"KLK1","DPCR1","CEACAM7","GABRP","AGT","SPINT1","CTSH","CREB5","DKK3","HCLS1","EIF3D","BLMH","ECE1","C1orf162","SLFN5","ARHGDIB","NPM1","SOCS3","GTF3C4","IGFBP5"
"PNLIP","KRT8","UGT2B15","SSR3","C3","SPINT2","CMTM6","MDK","PLG","C1orf162","MYD88","SELENOI","DPYSL2","CPVL","SLC7A5","CEBPB","TPM3","RAC2","PRR7","SYDE1"
"CTRB2","IFI6","SLC40A1","CCDC50","CA12","CYB5R3","ATP5EP2","TSHZ2","HEPACAM2","MYO1F","SLC20A1","ACSL1","PTMS","MS4A6A","FOSL2","WARS","ZFP36","RNF130","SLC25A39","LRRC32"
"ERP27","TFF1","NOSTRIN","PTMA","SPP1","PLA2G16","RACK1","VNN1","HPGDS","LST1","REL","PCSK2","HYAL2","THBD","LGALS8","OAZ1","ZYX","LYN","HAX1","FBLN1"
"AMY1A","LDHB","OLFM4","PSMD2","APCS","TINAGL1","POTEI","PDLIM1","SPIB","ALOX5AP","UGCG","ENTPD4","JDP2","CD14","VEGFA","PPT1","IL2RB","FBXL5","TMEM242","PRELP"
"AMY1B","FCGBP","GATM","JUP","SERPING1","CTSE","GLUL","PFKP","LRMP","ARHGAP30","IRF4","PBXIP1","BMPR2","ACP5","RAP1A","GPX1","CD247","FCGRT","BET1","MEDAG"
"CPB1","MUC5B","XBP1","POLR2H","WFDC2","LAMA3","H2AFV","MYADM","NTM","CPVL","JCHAIN","NAV1","RBMS1","LCP1","NACA","ADA2","CD2","PGD","MED30","MMP11"
"P4HA3","AKR1B10","GOLPH3","NAGA","AGT","JUP","CD68","SLC2A1","KIT","SRGN","LILRA4","RERE","PRCP","SMIM3","ATP5G2","ZMIZ1","GZMA","PTEN","HIGD2B","COL4A1"
"GP2","NQO1","ASRGL1","TAGLN2","C3","CSTB","PLEKHB2","CA12","HCK","CD37","GZMB","PLEKHB1","EMP1","LPXN","QKI","ARPC1B","CCL5","BRI3","EML3","WNT5A"
"PRSS2","AQP5","CRISP3","GSTP1","CA12","POLDIP3","EFCAB14","NDRG1","SDC2","WAS","PLD4","ARID3A","UACA","SLA","JUN","GRN","PRF1","RNF24","HLTF","MMP2"
"AMY2A","TFF3","REG1A","SYNGR2","SPP1","LPCAT4","SLC16A3","PRSS8","AVIL","PREX1","IL3RA","MOB1B","SLC39A1","PHACTR1","DUSP1","RAB20","CD7","FOS","STRADB","INHBA"
"REG3G","TFF2","MMP1","FTH1","APCS","WNK1","NCOA4","ATF3","PSTPIP2","TNFRSF1B","SERPINF1","9-Mar","FURIN","GM2A","PPP1R15A","CD74","GNLY","CMTM6","PCBD1","FBLN5"
"PRSS1","AGR2","REG3A","MYL12B","SERPING1","TCF20","C6orf62","PIM1","LIPG","HLA-DQA2","SPIB","SEMA3E","CNN3","WAS","GADD45B","ARPC3","CD69","TYMP","SLC25A37","ADAMTS4"
"AMY2B","DPCR1","PIGR","NCBP2","WFDC2","LIMS1","EIF5B","GADD45A","PTGS1","CD300A","LILRB4","TEX2","NXF1","SLC2A14","SRSF5","IVNS1ABP","CD52","GRN","HBA1","PCOLCE"
"FYN","KRT8","TCN1","RRP7A","AGT","PDIA3","AZIN1","BMP2","NRGN","HLA-DMB","IL10RA","TSNAX","DOCK9","HLA-DPA1","EIF5","PLAUR","CORO1A","IFITM2","SLC4A1","SERPINF1"
"REG1B","IFI6","PPP1R1B","FAM3C","C3","NSD3","PSMA1","VEGFA","VAV1","HLA-DPB1","PIM2","UPF3A","ADAM15","PTAFR","PNISR","LIMS1","LCK","SDCBP","BRSK1","GREM1"
"TPST2","TFF1","SERPINA1","NSD3","CA12","RND3","YBX1","RNASET2","GRASP","PTPRC","IRF8","ABCF3","CALD1","LSP1","CSRNP1","CMTM6","LTB","METTL9","FOXJ1","CPE"
"FAM84A","LDHB","AQP3","CYB5R3","SPP1","ARPC2","SIRPA","SLC6A8","FYB1","CD14","GPR183","COBL","NNMT","THBS1","MT2A","TPP1","HCST","VNN2","TBKBP1","LTBP2"
"IL22RA1","FCGBP","CLDN2","HSP90AB1","APCS","NOP10","IL13RA1","CXCL8","AOC1","HLA-DPA1","RGS1","COX17","PDCD4","HCLS1","HSPA1A","LYZ","LCP1","IER2","HBA2","NID1"
"TMEM97","MUC5B","C6","SEC62","SERPING1","SFN","XPO1","APOL1","PIK3CG","ZEB2","MPEG1","CADM1","CD99","CXCR4","NACA2","CD44","CCL4","LYZ","FAM72D","S1PR2"
"PRSS3","AKR1B10","LYZ","AP2M1","WFDC2","MYOF","HMGB1","IGFBP3","AZGP1","TNFSF12","CD37","AGAP1","SYNPO","SAMSN1","EGR1","RGS2","LCP2","TSPO","FAM72C","IGF2"
"IGFBP2","NQO1","SLC4A4","EEF1A1","AGT","PML","YWHAH","CLDN4","POU2F3","SLA","CD4","OARD1","ZNF281","PMP22","FOS","RBPJ","PTPRC","IVNS1ABP","HBB","TMEM158"
"GATM","AQP5","GC","SQSTM1","C3","S100A6","HSPA1B","TACSTD2","SKAP2","BASP1","PLAC8","NFIL3","IGFBP4","BCL2A1","PLIN2","IL1RN","IL2RG","SBNO2","CDKN2A","SNAI2"
"REG3A","TFF3","CRP","POLDIP3","CA12","ITGAV","NAP1L1","RAP2B","INPP5B","HMOX1","FCHSD2","IRF2BPL","RNASE1","SLC2A3","CPA3","HBEGF","LSP1","PHC2","PRRT1","ZEB1"
"SPINK1","TFF2","MUC5B","CNN2","SPP1","TMEM87A","SORL1","SAT1","PLCG2","FYB1","CXCR4","SSBP4","OAF","HLA-DQB1","SLC18A2","MSN","ARHGDIB","CHD1","FIGN","LOXL1"
"REG1A","AGR2","ALDOB","CLEC2D","APCS","STAT1","TMED9","DUOX2","KCTD12","LGALS1","TYROBP","STK3","TMEM109","CD4","MS4A2","FKBP1A","CXCR4","SH3BGRL3","FAM72A","SRPX2"
"RBP1","DPCR1","CLU","RACK1","SERPING1","KCNN4","OAS3","C15orf48","ALOX5AP","MAFB","SELL","NEBL","SRP14","LIPA","IL1RL1","NAMPT","PREX1","GRB2","HJURP","COL12A1"
"PRDX4","KRT8","APCS","ITGB4","WFDC2","TNKS1BP1","HIST1H4C","SOX4","PLEKHB1","VIM","NCKAP1L","COG7","MT1G","VIM","HDC","SLC25A6","CCL4L2","FAM177B","CENPO","GPNMB"
"NUCB2","IFI6","FGA","MAP3K13","AGT","ANXA1","DDX3X","CA9","PBXIP1","CXCR4","LAPTM5","PTPRN2","GSN","KCTD12","GCSAML","SDCBP","WIPF1","PNRC1","B3GALNT1","PDLIM3"
