,cellID,cellType,sampleInfo
0,Cell1,Acinar_cells,sample1
1,Cell2,Ductal_terminal_ductal_like,sample1
2,Cell3,Ductal_terminal_ductal_like,sample1
3,Cell4,Ductal_CRISP3_high-centroacinar_like,sample1
4,Cell5,Cancer_clone_A,sample1
5,Cell6,Cancer_clone_A,sample1
6,Cell7,Ductal_CRISP3_high-centroacinar_like,sample1
7,Cell8,Ductal_terminal_ductal_like,sample1
8,Cell9,Ductal_MHC_Class_II,sample1
9,Cell10,Ductal_terminal_ductal_like,sample1
10,Cell11,Ductal_terminal_ductal_like,sample1
11,Cell12,Cancer_clone_B,sample1
12,Cell13,Ductal_CRISP3_high-centroacinar_like,sample1
13,Cell14,Ductal_CRISP3_high-centroacinar_like,sample1
14,Cell15,Ductal_terminal_ductal_like,sample1
15,Cell16,Ductal_terminal_ductal_like,sample1
16,Cell17,Ductal_CRISP3_high-centroacinar_like,sample1
17,Cell18,Ductal_CRISP3_high-centroacinar_like,sample1
18,Cell19,Cancer_clone_A,sample1
19,Cell20,Ductal_MHC_Class_II,sample1
20,Cell21,Cancer_clone_B,sample1
21,Cell22,Ductal_terminal_ductal_like,sample1
22,Cell23,Ductal_CRISP3_high-centroacinar_like,sample1
23,Cell24,Ductal_MHC_Class_II,sample1
24,Cell25,Ductal_terminal_ductal_like,sample1
25,Cell26,Cancer_clone_B,sample1
26,Cell27,Ductal_CRISP3_high-centroacinar_like,sample1
27,Cell28,mDCs_A,sample1
28,Cell29,Ductal_APOL1_high-hypoxic,sample1
29,Cell30,Ductal_APOL1_high-hypoxic,sample1
30,Cell31,Cancer_clone_B,sample1
31,Cell32,Ductal_terminal_ductal_like,sample1
32,Cell33,Ductal_CRISP3_high-centroacinar_like,sample1
33,Cell34,Cancer_clone_B,sample1
34,Cell35,Ductal_terminal_ductal_like,sample1
35,Cell36,Ductal_APOL1_high-hypoxic,sample1
36,Cell37,Cancer_clone_B,sample1
37,Cell38,Ductal_CRISP3_high-centroacinar_like,sample1
38,Cell39,Cancer_clone_A,sample1
39,Cell40,Cancer_clone_A,sample1
40,Cell41,Cancer_clone_B,sample1
41,Cell42,Ductal_CRISP3_high-centroacinar_like,sample1
42,Cell43,mDCs_A,sample1
43,Cell44,Tuft_cells,sample1
44,Cell45,mDCs_B,sample1
45,Cell46,Ductal_CRISP3_high-centroacinar_like,sample1
46,Cell47,Ductal_APOL1_high-hypoxic,sample1
47,Cell48,Ductal_MHC_Class_II,sample1
48,Cell49,Ductal_CRISP3_high-centroacinar_like,sample1
49,Cell50,Ductal_terminal_ductal_like,sample1
50,Cell51,Cancer_clone_A,sample1
51,Cell52,Ductal_CRISP3_high-centroacinar_like,sample1
52,Cell53,Ductal_CRISP3_high-centroacinar_like,sample1
53,Cell54,Ductal_terminal_ductal_like,sample1
54,Cell55,Cancer_clone_A,sample1
55,Cell56,Ductal_APOL1_high-hypoxic,sample1
56,Cell57,Ductal_APOL1_high-hypoxic,sample1
57,Cell58,Ductal_MHC_Class_II,sample1
58,Cell59,Ductal_CRISP3_high-centroacinar_like,sample1
59,Cell60,Cancer_clone_B,sample1
60,Cell61,Ductal_CRISP3_high-centroacinar_like,sample1
61,Cell62,Ductal_MHC_Class_II,sample1
62,Cell63,Ductal_terminal_ductal_like,sample1
63,Cell64,Ductal_terminal_ductal_like,sample1
64,Cell65,Ductal_CRISP3_high-centroacinar_like,sample1
65,Cell66,Cancer_clone_A,sample1
66,Cell67,Ductal_terminal_ductal_like,sample1
67,Cell68,Ductal_APOL1_high-hypoxic,sample1
68,Cell69,Ductal_MHC_Class_II,sample1
69,Cell70,Cancer_clone_A,sample1
70,Cell71,Ductal_MHC_Class_II,sample1
71,Cell72,Ductal_CRISP3_high-centroacinar_like,sample1
72,Cell73,Ductal_CRISP3_high-centroacinar_like,sample1
73,Cell74,Ductal_APOL1_high-hypoxic,sample1
74,Cell75,Ductal_CRISP3_high-centroacinar_like,sample1
75,Cell76,Ductal_CRISP3_high-centroacinar_like,sample1
76,Cell77,Ductal_CRISP3_high-centroacinar_like,sample1
77,Cell78,Cancer_clone_B,sample1
78,Cell79,Cancer_clone_B,sample1
79,Cell80,Ductal_MHC_Class_II,sample1
80,Cell81,Cancer_clone_A,sample1
81,Cell82,pDCs,sample1
82,Cell83,Ductal_CRISP3_high-centroacinar_like,sample1
83,Cell84,Ductal_CRISP3_high-centroacinar_like,sample1
84,Cell85,Cancer_clone_A,sample1
85,Cell86,Ductal_APOL1_high-hypoxic,sample1
86,Cell87,mDCs_B,sample1
87,Cell88,Ductal_APOL1_high-hypoxic,sample1
88,Cell89,Ductal_CRISP3_high-centroacinar_like,sample1
89,Cell90,Ductal_APOL1_high-hypoxic,sample1
90,Cell91,Ductal_MHC_Class_II,sample1
91,Cell92,Ductal_CRISP3_high-centroacinar_like,sample1
92,Cell93,Ductal_terminal_ductal_like,sample1
93,Cell94,Ductal_APOL1_high-hypoxic,sample1
94,Cell95,Ductal_CRISP3_high-centroacinar_like,sample1
95,Cell96,Endocrine_cells,sample1
96,Cell97,Endothelial_cells,sample1
97,Cell98,Ductal_terminal_ductal_like,sample1
98,Cell99,Ductal_terminal_ductal_like,sample1
99,Cell100,Ductal_MHC_Class_II,sample1
100,Cell101,Ductal_CRISP3_high-centroacinar_like,sample1
101,Cell102,mDCs_A,sample1
102,Cell103,Ductal_CRISP3_high-centroacinar_like,sample1
103,Cell104,Ductal_APOL1_high-hypoxic,sample1
104,Cell105,Ductal_terminal_ductal_like,sample1
105,Cell106,Cancer_clone_B,sample1
106,Cell107,Ductal_CRISP3_high-centroacinar_like,sample1
107,Cell108,Ductal_CRISP3_high-centroacinar_like,sample1
108,Cell109,Ductal_CRISP3_high-centroacinar_like,sample1
109,Cell110,Ductal_MHC_Class_II,sample1
110,Cell111,Ductal_MHC_Class_II,sample1
111,Cell112,Ductal_MHC_Class_II,sample1
112,Cell113,Ductal_CRISP3_high-centroacinar_like,sample1
113,Cell114,Ductal_CRISP3_high-centroacinar_like,sample1
114,Cell115,Ductal_CRISP3_high-centroacinar_like,sample1
115,Cell116,Ductal_MHC_Class_II,sample1
116,Cell117,Ductal_MHC_Class_II,sample1
117,Cell118,Ductal_CRISP3_high-centroacinar_like,sample1
118,Cell119,Ductal_APOL1_high-hypoxic,sample1
119,Cell120,Ductal_MHC_Class_II,sample1
120,Cell121,Ductal_MHC_Class_II,sample1
121,Cell122,Ductal_CRISP3_high-centroacinar_like,sample1
122,Cell123,Ductal_terminal_ductal_like,sample1
123,Cell124,Ductal_APOL1_high-hypoxic,sample1
124,Cell125,Ductal_APOL1_high-hypoxic,sample1
125,Cell126,Macrophages_A,sample1
126,Cell127,mDCs_B,sample1
127,Cell128,Cancer_clone_B,sample1
128,Cell129,Ductal_MHC_Class_II,sample1
129,Cell130,Ductal_CRISP3_high-centroacinar_like,sample1
130,Cell131,Ductal_MHC_Class_II,sample1
131,Cell132,Ductal_CRISP3_high-centroacinar_like,sample1
132,Cell133,Ductal_terminal_ductal_like,sample1
133,Cell134,Ductal_CRISP3_high-centroacinar_like,sample1
134,Cell135,Cancer_clone_A,sample1
135,Cell136,Ductal_terminal_ductal_like,sample1
136,Cell137,Ductal_CRISP3_high-centroacinar_like,sample1
137,Cell138,Mast_cells,sample1
138,Cell139,Ductal_CRISP3_high-centroacinar_like,sample1
139,Cell140,Ductal_CRISP3_high-centroacinar_like,sample1
140,Cell141,Ductal_CRISP3_high-centroacinar_like,sample1
141,Cell142,Ductal_terminal_ductal_like,sample1
142,Cell143,Ductal_terminal_ductal_like,sample1
143,Cell144,Ductal_APOL1_high-hypoxic,sample1
144,Cell145,Cancer_clone_A,sample1
145,Cell146,Ductal_CRISP3_high-centroacinar_like,sample1
146,Cell147,Ductal_CRISP3_high-centroacinar_like,sample1
147,Cell148,Ductal_CRISP3_high-centroacinar_like,sample1
148,Cell149,Ductal_CRISP3_high-centroacinar_like,sample1
149,Cell150,Ductal_terminal_ductal_like,sample1
150,Cell151,Cancer_clone_B,sample1
151,Cell152,Ductal_CRISP3_high-centroacinar_like,sample1
152,Cell153,Ductal_MHC_Class_II,sample1
153,Cell154,Mast_cells,sample1
154,Cell155,Ductal_MHC_Class_II,sample1
155,Cell156,Ductal_CRISP3_high-centroacinar_like,sample1
156,Cell157,Ductal_CRISP3_high-centroacinar_like,sample1
157,Cell158,Ductal_terminal_ductal_like,sample1
158,Cell159,Ductal_APOL1_high-hypoxic,sample1
159,Cell160,Ductal_MHC_Class_II,sample1
160,Cell161,Cancer_clone_B,sample1
161,Cell162,Ductal_terminal_ductal_like,sample1
162,Cell163,Ductal_terminal_ductal_like,sample1
163,Cell164,Cancer_clone_B,sample1
164,Cell165,Mast_cells,sample1
165,Cell166,Ductal_MHC_Class_II,sample1
166,Cell167,Ductal_terminal_ductal_like,sample1
167,Cell168,Cancer_clone_A,sample1
168,Cell169,Cancer_clone_B,sample1
169,Cell170,Ductal_MHC_Class_II,sample1
170,Cell171,Cancer_clone_B,sample1
171,Cell172,Ductal_CRISP3_high-centroacinar_like,sample1
172,Cell173,Cancer_clone_B,sample1
173,Cell174,mDCs_B,sample1
174,Cell175,Ductal_MHC_Class_II,sample1
175,Cell176,Ductal_CRISP3_high-centroacinar_like,sample1
176,Cell177,Ductal_terminal_ductal_like,sample1
177,Cell178,Ductal_MHC_Class_II,sample1
178,Cell179,Ductal_CRISP3_high-centroacinar_like,sample1
179,Cell180,Ductal_terminal_ductal_like,sample1
180,Cell181,Ductal_CRISP3_high-centroacinar_like,sample1
181,Cell182,Ductal_APOL1_high-hypoxic,sample1
182,Cell183,Ductal_CRISP3_high-centroacinar_like,sample1
183,Cell184,Ductal_MHC_Class_II,sample1
184,Cell185,Ductal_CRISP3_high-centroacinar_like,sample1
185,Cell186,Ductal_APOL1_high-hypoxic,sample1
186,Cell187,Ductal_CRISP3_high-centroacinar_like,sample1
187,Cell188,Cancer_clone_B,sample1
188,Cell189,Ductal_APOL1_high-hypoxic,sample1
189,Cell190,pDCs,sample1
190,Cell191,Ductal_CRISP3_high-centroacinar_like,sample1
191,Cell192,Cancer_clone_B,sample1
192,Cell193,Ductal_terminal_ductal_like,sample1
193,Cell194,Ductal_terminal_ductal_like,sample1
194,Cell195,Ductal_terminal_ductal_like,sample1
195,Cell196,Ductal_APOL1_high-hypoxic,sample1
196,Cell197,Cancer_clone_B,sample1
197,Cell198,Ductal_CRISP3_high-centroacinar_like,sample1
198,Cell199,Ductal_terminal_ductal_like,sample1
199,Cell200,Ductal_terminal_ductal_like,sample1
200,Cell201,Ductal_CRISP3_high-centroacinar_like,sample1
201,Cell202,Ductal_CRISP3_high-centroacinar_like,sample1
202,Cell203,Tuft_cells,sample1
203,Cell204,Ductal_terminal_ductal_like,sample1
204,Cell205,Ductal_MHC_Class_II,sample1
205,Cell206,Ductal_APOL1_high-hypoxic,sample1
206,Cell207,Ductal_CRISP3_high-centroacinar_like,sample1
207,Cell208,Cancer_clone_A,sample1
208,Cell209,Macrophages_B,sample1
209,Cell210,Ductal_terminal_ductal_like,sample1
210,Cell211,Ductal_APOL1_high-hypoxic,sample1
211,Cell212,Tuft_cells,sample1
212,Cell213,Ductal_MHC_Class_II,sample1
213,Cell214,Macrophages_B,sample1
214,Cell215,Ductal_terminal_ductal_like,sample1
215,Cell216,Ductal_APOL1_high-hypoxic,sample1
216,Cell217,Ductal_terminal_ductal_like,sample1
217,Cell218,Ductal_CRISP3_high-centroacinar_like,sample1
218,Cell219,Ductal_CRISP3_high-centroacinar_like,sample1
219,Cell220,Ductal_CRISP3_high-centroacinar_like,sample1
220,Cell221,Cancer_clone_A,sample1
221,Cell222,Ductal_CRISP3_high-centroacinar_like,sample1
222,Cell223,Macrophages_B,sample1
223,Cell224,Cancer_clone_A,sample1
224,Cell225,Ductal_APOL1_high-hypoxic,sample1
225,Cell226,Ductal_APOL1_high-hypoxic,sample1
226,Cell227,Ductal_CRISP3_high-centroacinar_like,sample1
227,Cell228,T_cells_&_NK_cells,sample1
228,Cell229,Ductal_CRISP3_high-centroacinar_like,sample1
229,Cell230,Ductal_APOL1_high-hypoxic,sample1
230,Cell231,Ductal_CRISP3_high-centroacinar_like,sample1
231,Cell232,Ductal_MHC_Class_II,sample1
232,Cell233,Ductal_CRISP3_high-centroacinar_like,sample1
233,Cell234,Cancer_clone_B,sample1
234,Cell235,Ductal_APOL1_high-hypoxic,sample1
235,Cell236,Ductal_MHC_Class_II,sample1
236,Cell237,Ductal_CRISP3_high-centroacinar_like,sample1
237,Cell238,Ductal_MHC_Class_II,sample1
238,Cell239,Ductal_CRISP3_high-centroacinar_like,sample1
239,Cell240,Ductal_APOL1_high-hypoxic,sample1
240,Cell241,Ductal_CRISP3_high-centroacinar_like,sample1
241,Cell242,Ductal_terminal_ductal_like,sample1
242,Cell243,Ductal_APOL1_high-hypoxic,sample1
243,Cell244,Ductal_CRISP3_high-centroacinar_like,sample1
244,Cell245,Ductal_APOL1_high-hypoxic,sample1
245,Cell246,Ductal_CRISP3_high-centroacinar_like,sample1
246,Cell247,Cancer_clone_A,sample1
247,Cell248,Cancer_clone_B,sample1
248,Cell249,Ductal_CRISP3_high-centroacinar_like,sample1
249,Cell250,Ductal_CRISP3_high-centroacinar_like,sample1
250,Cell251,Ductal_CRISP3_high-centroacinar_like,sample1
251,Cell252,Tuft_cells,sample1
252,Cell253,Ductal_APOL1_high-hypoxic,sample1
253,Cell254,Ductal_MHC_Class_II,sample1
254,Cell255,pDCs,sample1
255,Cell256,Ductal_MHC_Class_II,sample1
256,Cell257,Cancer_clone_B,sample1
257,Cell258,Ductal_terminal_ductal_like,sample1
258,Cell259,Ductal_APOL1_high-hypoxic,sample1
259,Cell260,Ductal_MHC_Class_II,sample1
260,Cell261,Ductal_APOL1_high-hypoxic,sample1
261,Cell262,Ductal_APOL1_high-hypoxic,sample1
262,Cell263,Endothelial_cells,sample1
263,Cell264,Ductal_MHC_Class_II,sample1
264,Cell265,Ductal_terminal_ductal_like,sample1
265,Cell266,Cancer_clone_B,sample1
266,Cell267,Ductal_CRISP3_high-centroacinar_like,sample1
267,Cell268,Ductal_terminal_ductal_like,sample1
268,Cell269,Ductal_APOL1_high-hypoxic,sample1
269,Cell270,Ductal_MHC_Class_II,sample1
270,Cell271,Ductal_CRISP3_high-centroacinar_like,sample1
271,Cell272,Ductal_MHC_Class_II,sample1
272,Cell273,Ductal_CRISP3_high-centroacinar_like,sample1
273,Cell274,Macrophages_B,sample1
274,Cell275,Ductal_terminal_ductal_like,sample1
275,Cell276,Cancer_clone_B,sample1
276,Cell277,Ductal_MHC_Class_II,sample1
277,Cell278,Ductal_CRISP3_high-centroacinar_like,sample1
278,Cell279,Ductal_MHC_Class_II,sample1
279,Cell280,pDCs,sample1
280,Cell281,Ductal_MHC_Class_II,sample1
281,Cell282,Macrophages_B,sample1
282,Cell283,Ductal_terminal_ductal_like,sample1
283,Cell284,Cancer_clone_A,sample1
284,Cell285,Ductal_CRISP3_high-centroacinar_like,sample1
285,Cell286,Ductal_MHC_Class_II,sample1
286,Cell287,Ductal_CRISP3_high-centroacinar_like,sample1
287,Cell288,Tuft_cells,sample1
288,Cell289,Ductal_MHC_Class_II,sample1
289,Cell290,Ductal_CRISP3_high-centroacinar_like,sample1
290,Cell291,Cancer_clone_A,sample1
291,Cell292,Ductal_MHC_Class_II,sample1
292,Cell293,Ductal_CRISP3_high-centroacinar_like,sample1
293,Cell294,mDCs_A,sample1
294,Cell295,T_cells_&_NK_cells,sample1
295,Cell296,Ductal_APOL1_high-hypoxic,sample1
296,Cell297,Ductal_terminal_ductal_like,sample1
297,Cell298,Ductal_terminal_ductal_like,sample1
298,Cell299,Ductal_CRISP3_high-centroacinar_like,sample1
299,Cell300,Ductal_CRISP3_high-centroacinar_like,sample1
300,Cell301,Ductal_CRISP3_high-centroacinar_like,sample1
301,Cell302,Ductal_CRISP3_high-centroacinar_like,sample1
302,Cell303,Cancer_clone_B,sample1
303,Cell304,Ductal_CRISP3_high-centroacinar_like,sample1
304,Cell305,Ductal_CRISP3_high-centroacinar_like,sample1
305,Cell306,Tuft_cells,sample1
306,Cell307,Ductal_CRISP3_high-centroacinar_like,sample1
307,Cell308,Ductal_CRISP3_high-centroacinar_like,sample1
308,Cell309,Ductal_terminal_ductal_like,sample1
309,Cell310,Ductal_CRISP3_high-centroacinar_like,sample1
310,Cell311,Ductal_CRISP3_high-centroacinar_like,sample1
311,Cell312,Ductal_MHC_Class_II,sample1
312,Cell313,Cancer_clone_B,sample1
313,Cell314,Cancer_clone_A,sample1
314,Cell315,Ductal_terminal_ductal_like,sample1
315,Cell316,Macrophages_A,sample1
316,Cell317,Ductal_MHC_Class_II,sample1
317,Cell318,Ductal_CRISP3_high-centroacinar_like,sample1
318,Cell319,Ductal_MHC_Class_II,sample1
319,Cell320,Ductal_MHC_Class_II,sample1
320,Cell321,Monocytes,sample1
321,Cell322,Ductal_terminal_ductal_like,sample1
322,Cell323,Ductal_APOL1_high-hypoxic,sample1
323,Cell324,T_cells_&_NK_cells,sample1
324,Cell325,Ductal_CRISP3_high-centroacinar_like,sample1
325,Cell326,Ductal_APOL1_high-hypoxic,sample1
326,Cell327,Ductal_terminal_ductal_like,sample1
327,Cell328,mDCs_B,sample1
328,Cell329,T_cells_&_NK_cells,sample1
329,Cell330,Ductal_CRISP3_high-centroacinar_like,sample1
330,Cell331,T_cells_&_NK_cells,sample1
331,Cell332,Cancer_clone_A,sample1
332,Cell333,Ductal_APOL1_high-hypoxic,sample1
333,Cell334,Cancer_clone_B,sample1
334,Cell335,Ductal_terminal_ductal_like,sample1
335,Cell336,Ductal_terminal_ductal_like,sample1
336,Cell337,Cancer_clone_B,sample1
337,Cell338,Cancer_clone_A,sample1
338,Cell339,Ductal_APOL1_high-hypoxic,sample1
339,Cell340,Ductal_APOL1_high-hypoxic,sample1
340,Cell341,Ductal_CRISP3_high-centroacinar_like,sample1
341,Cell342,Ductal_MHC_Class_II,sample1
342,Cell343,T_cells_&_NK_cells,sample1
343,Cell344,Cancer_clone_B,sample1
344,Cell345,T_cells_&_NK_cells,sample1
345,Cell346,Ductal_APOL1_high-hypoxic,sample1
346,Cell347,Ductal_APOL1_high-hypoxic,sample1
347,Cell348,Cancer_clone_A,sample1
348,Cell349,Ductal_MHC_Class_II,sample1
349,Cell350,Ductal_CRISP3_high-centroacinar_like,sample1
350,Cell351,Ductal_CRISP3_high-centroacinar_like,sample1
351,Cell352,Ductal_MHC_Class_II,sample1
352,Cell353,Ductal_CRISP3_high-centroacinar_like,sample1
353,Cell354,Ductal_APOL1_high-hypoxic,sample1
354,Cell355,RBCs,sample1
355,Cell356,Ductal_terminal_ductal_like,sample1
356,Cell357,Ductal_terminal_ductal_like,sample1
357,Cell358,T_cells_&_NK_cells,sample1
358,Cell359,Ductal_terminal_ductal_like,sample1
359,Cell360,Monocytes,sample1
360,Cell361,Ductal_CRISP3_high-centroacinar_like,sample1
361,Cell362,Ductal_APOL1_high-hypoxic,sample1
362,Cell363,Ductal_CRISP3_high-centroacinar_like,sample1
363,Cell364,Cancer_clone_A,sample1
364,Cell365,pDCs,sample1
365,Cell366,Cancer_clone_B,sample1
366,Cell367,Monocytes,sample1
367,Cell368,Ductal_MHC_Class_II,sample1
368,Cell369,Ductal_terminal_ductal_like,sample1
369,Cell370,Ductal_terminal_ductal_like,sample1
370,Cell371,Ductal_CRISP3_high-centroacinar_like,sample1
371,Cell372,RBCs,sample1
372,Cell373,RBCs,sample1
373,Cell374,Ductal_CRISP3_high-centroacinar_like,sample1
374,Cell375,Cancer_clone_A,sample1
375,Cell376,Cancer_clone_A,sample1
376,Cell377,Ductal_terminal_ductal_like,sample1
377,Cell378,Ductal_CRISP3_high-centroacinar_like,sample1
378,Cell379,Cancer_clone_B,sample1
379,Cell380,Cancer_clone_A,sample1
380,Cell381,Ductal_terminal_ductal_like,sample1
381,Cell382,Cancer_clone_B,sample1
382,Cell383,Ductal_MHC_Class_II,sample1
383,Cell384,Cancer_clone_A,sample1
384,Cell385,Ductal_CRISP3_high-centroacinar_like,sample1
385,Cell386,Ductal_CRISP3_high-centroacinar_like,sample1
386,Cell387,Ductal_CRISP3_high-centroacinar_like,sample1
387,Cell388,Ductal_terminal_ductal_like,sample1
388,Cell389,Ductal_APOL1_high-hypoxic,sample1
389,Cell390,Ductal_APOL1_high-hypoxic,sample1
390,Cell391,Cancer_clone_A,sample1
391,Cell392,Cancer_clone_A,sample1
392,Cell393,Ductal_CRISP3_high-centroacinar_like,sample1
393,Cell394,Ductal_terminal_ductal_like,sample1
394,Cell395,Ductal_MHC_Class_II,sample1
395,Cell396,Cancer_clone_B,sample1
396,Cell397,Ductal_terminal_ductal_like,sample1
397,Cell398,Cancer_clone_A,sample1
398,Cell399,Ductal_CRISP3_high-centroacinar_like,sample1
399,Cell400,Macrophages_A,sample1
400,Cell401,Ductal_CRISP3_high-centroacinar_like,sample1
401,Cell402,Ductal_APOL1_high-hypoxic,sample1
402,Cell403,Ductal_MHC_Class_II,sample1
403,Cell404,Ductal_terminal_ductal_like,sample1
404,Cell405,Ductal_CRISP3_high-centroacinar_like,sample1
405,Cell406,Ductal_terminal_ductal_like,sample1
406,Cell407,Ductal_APOL1_high-hypoxic,sample1
407,Cell408,Ductal_APOL1_high-hypoxic,sample1
408,Cell409,Ductal_CRISP3_high-centroacinar_like,sample1
409,Cell410,Ductal_CRISP3_high-centroacinar_like,sample1
410,Cell411,Ductal_CRISP3_high-centroacinar_like,sample1
411,Cell412,Ductal_CRISP3_high-centroacinar_like,sample1
412,Cell413,Cancer_clone_B,sample1
413,Cell414,Cancer_clone_B,sample1
414,Cell415,Ductal_CRISP3_high-centroacinar_like,sample1
415,Cell416,Cancer_clone_B,sample1
416,Cell417,Ductal_MHC_Class_II,sample1
417,Cell418,Ductal_CRISP3_high-centroacinar_like,sample1
418,Cell419,Ductal_APOL1_high-hypoxic,sample1
419,Cell420,Cancer_clone_B,sample1
420,Cell421,Ductal_APOL1_high-hypoxic,sample1
421,Cell422,Ductal_MHC_Class_II,sample1
422,Cell423,Ductal_MHC_Class_II,sample1
423,Cell424,Cancer_clone_B,sample1
424,Cell425,Ductal_CRISP3_high-centroacinar_like,sample1
425,Cell426,Ductal_CRISP3_high-centroacinar_like,sample1
426,Cell427,Ductal_CRISP3_high-centroacinar_like,sample1
427,Cell428,Ductal_CRISP3_high-centroacinar_like,sample1
428,Cell429,Ductal_CRISP3_high-centroacinar_like,sample1
429,Cell430,Ductal_CRISP3_high-centroacinar_like,sample1
430,Cell431,Ductal_CRISP3_high-centroacinar_like,sample1
431,Cell432,Ductal_MHC_Class_II,sample1
432,Cell433,Ductal_terminal_ductal_like,sample1
433,Cell434,Ductal_CRISP3_high-centroacinar_like,sample1
434,Cell435,Ductal_CRISP3_high-centroacinar_like,sample1
435,Cell436,Cancer_clone_A,sample1
436,Cell437,Ductal_APOL1_high-hypoxic,sample1
437,Cell438,Cancer_clone_B,sample1
438,Cell439,Ductal_MHC_Class_II,sample1
439,Cell440,Ductal_CRISP3_high-centroacinar_like,sample1
440,Cell441,Ductal_CRISP3_high-centroacinar_like,sample1
441,Cell442,Cancer_clone_A,sample1
442,Cell443,Ductal_CRISP3_high-centroacinar_like,sample1
443,Cell444,Cancer_clone_B,sample1
444,Cell445,Ductal_MHC_Class_II,sample1
445,Cell446,Mast_cells,sample1
446,Cell447,Ductal_MHC_Class_II,sample1
447,Cell448,Ductal_MHC_Class_II,sample1
448,Cell449,Ductal_terminal_ductal_like,sample1
449,Cell450,Ductal_terminal_ductal_like,sample1
450,Cell451,Ductal_MHC_Class_II,sample1
451,Cell452,Ductal_CRISP3_high-centroacinar_like,sample1
452,Cell453,Ductal_MHC_Class_II,sample1
453,Cell454,Ductal_CRISP3_high-centroacinar_like,sample1
454,Cell455,Cancer_clone_A,sample1
455,Cell456,Ductal_CRISP3_high-centroacinar_like,sample1
456,Cell457,Ductal_MHC_Class_II,sample1
457,Cell458,Ductal_terminal_ductal_like,sample1
458,Cell459,Ductal_CRISP3_high-centroacinar_like,sample1
459,Cell460,Ductal_APOL1_high-hypoxic,sample1
460,Cell461,Ductal_MHC_Class_II,sample1
461,Cell462,Ductal_CRISP3_high-centroacinar_like,sample1
462,Cell463,Ductal_CRISP3_high-centroacinar_like,sample1
463,Cell464,Ductal_CRISP3_high-centroacinar_like,sample1
464,Cell465,Cancer_clone_A,sample1
465,Cell466,Ductal_MHC_Class_II,sample1
466,Cell467,Ductal_MHC_Class_II,sample1
467,Cell468,Ductal_CRISP3_high-centroacinar_like,sample1
468,Cell469,Ductal_CRISP3_high-centroacinar_like,sample1
469,Cell470,Ductal_CRISP3_high-centroacinar_like,sample1
470,Cell471,Ductal_CRISP3_high-centroacinar_like,sample1
471,Cell472,Ductal_terminal_ductal_like,sample1
472,Cell473,Ductal_APOL1_high-hypoxic,sample1
473,Cell474,Ductal_terminal_ductal_like,sample1
474,Cell475,Ductal_MHC_Class_II,sample1
475,Cell476,Tuft_cells,sample1
476,Cell477,Macrophages_B,sample1
477,Cell478,Ductal_CRISP3_high-centroacinar_like,sample1
478,Cell479,Ductal_terminal_ductal_like,sample1
479,Cell480,Ductal_CRISP3_high-centroacinar_like,sample1
480,Cell481,Cancer_clone_A,sample1
481,Cell482,Ductal_CRISP3_high-centroacinar_like,sample1
482,Cell483,Ductal_CRISP3_high-centroacinar_like,sample1
483,Cell484,Cancer_clone_A,sample1
484,Cell485,Ductal_terminal_ductal_like,sample1
485,Cell486,Cancer_clone_A,sample1
486,Cell487,Ductal_MHC_Class_II,sample1
487,Cell488,Cancer_clone_A,sample1
488,Cell489,Ductal_CRISP3_high-centroacinar_like,sample1
489,Cell490,Cancer_clone_A,sample1
490,Cell491,Ductal_CRISP3_high-centroacinar_like,sample1
491,Cell492,Ductal_CRISP3_high-centroacinar_like,sample1
492,Cell493,Ductal_APOL1_high-hypoxic,sample1
493,Cell494,Ductal_CRISP3_high-centroacinar_like,sample1
494,Cell495,Ductal_MHC_Class_II,sample1
495,Cell496,Ductal_terminal_ductal_like,sample1
496,Cell497,Ductal_CRISP3_high-centroacinar_like,sample1
497,Cell498,Ductal_MHC_Class_II,sample1
498,Cell499,Ductal_APOL1_high-hypoxic,sample1
499,Cell500,Cancer_clone_B,sample1
500,Cell501,Cancer_clone_B,sample1
501,Cell502,Ductal_terminal_ductal_like,sample1
502,Cell503,Ductal_terminal_ductal_like,sample1
503,Cell504,Mast_cells,sample1
504,Cell505,Cancer_clone_A,sample1
505,Cell506,Ductal_CRISP3_high-centroacinar_like,sample1
506,Cell507,Ductal_CRISP3_high-centroacinar_like,sample1
507,Cell508,Ductal_terminal_ductal_like,sample1
508,Cell509,Ductal_terminal_ductal_like,sample1
509,Cell510,Cancer_clone_B,sample1
510,Cell511,Ductal_CRISP3_high-centroacinar_like,sample1
511,Cell512,Ductal_terminal_ductal_like,sample1
512,Cell513,Ductal_CRISP3_high-centroacinar_like,sample1
513,Cell514,Cancer_clone_B,sample1
514,Cell515,Ductal_APOL1_high-hypoxic,sample1
515,Cell516,Ductal_CRISP3_high-centroacinar_like,sample1
516,Cell517,Ductal_MHC_Class_II,sample1
517,Cell518,Cancer_clone_B,sample1
518,Cell519,Ductal_terminal_ductal_like,sample1
519,Cell520,Ductal_APOL1_high-hypoxic,sample1
520,Cell521,Ductal_CRISP3_high-centroacinar_like,sample1
521,Cell522,Ductal_APOL1_high-hypoxic,sample1
522,Cell523,Ductal_CRISP3_high-centroacinar_like,sample1
523,Cell524,Ductal_MHC_Class_II,sample1
524,Cell525,Ductal_terminal_ductal_like,sample1
525,Cell526,Ductal_CRISP3_high-centroacinar_like,sample1
526,Cell527,Ductal_CRISP3_high-centroacinar_like,sample1
527,Cell528,Ductal_terminal_ductal_like,sample1
528,Cell529,Ductal_APOL1_high-hypoxic,sample1
529,Cell530,Cancer_clone_B,sample1
530,Cell531,Ductal_terminal_ductal_like,sample1
531,Cell532,Ductal_CRISP3_high-centroacinar_like,sample1
532,Cell533,Ductal_CRISP3_high-centroacinar_like,sample1
533,Cell534,Ductal_CRISP3_high-centroacinar_like,sample1
534,Cell535,Ductal_terminal_ductal_like,sample1
535,Cell536,Ductal_APOL1_high-hypoxic,sample1
536,Cell537,Ductal_CRISP3_high-centroacinar_like,sample1
537,Cell538,Ductal_CRISP3_high-centroacinar_like,sample1
538,Cell539,Ductal_MHC_Class_II,sample1
539,Cell540,Ductal_terminal_ductal_like,sample1
540,Cell541,Cancer_clone_A,sample1
541,Cell542,Cancer_clone_B,sample1
542,Cell543,Cancer_clone_B,sample1
543,Cell544,mDCs_A,sample1
544,Cell545,Ductal_APOL1_high-hypoxic,sample1
545,Cell546,Ductal_terminal_ductal_like,sample1
546,Cell547,Ductal_CRISP3_high-centroacinar_like,sample1
547,Cell548,Ductal_terminal_ductal_like,sample1
548,Cell549,Ductal_MHC_Class_II,sample1
549,Cell550,Ductal_MHC_Class_II,sample1
550,Cell551,Ductal_MHC_Class_II,sample1
551,Cell552,Ductal_CRISP3_high-centroacinar_like,sample1
552,Cell553,Ductal_terminal_ductal_like,sample1
553,Cell554,Ductal_terminal_ductal_like,sample1
554,Cell555,Ductal_MHC_Class_II,sample1
555,Cell556,Ductal_CRISP3_high-centroacinar_like,sample1
556,Cell557,Ductal_APOL1_high-hypoxic,sample1
557,Cell558,Ductal_terminal_ductal_like,sample1
558,Cell559,Ductal_MHC_Class_II,sample1
559,Cell560,Ductal_MHC_Class_II,sample1
560,Cell561,Cancer_clone_B,sample1
561,Cell562,Ductal_APOL1_high-hypoxic,sample1
562,Cell563,Ductal_CRISP3_high-centroacinar_like,sample1
563,Cell564,Ductal_terminal_ductal_like,sample1
564,Cell565,Ductal_terminal_ductal_like,sample1
565,Cell566,Ductal_MHC_Class_II,sample1
566,Cell567,Cancer_clone_A,sample1
567,Cell568,Ductal_APOL1_high-hypoxic,sample1
568,Cell569,Ductal_terminal_ductal_like,sample1
569,Cell570,Tuft_cells,sample1
570,Cell571,Cancer_clone_A,sample1
571,Cell572,Ductal_APOL1_high-hypoxic,sample1
572,Cell573,Tuft_cells,sample1
573,Cell574,Ductal_MHC_Class_II,sample1
574,Cell575,Ductal_terminal_ductal_like,sample1
575,Cell576,Tuft_cells,sample1
576,Cell577,Ductal_CRISP3_high-centroacinar_like,sample1
577,Cell578,Ductal_APOL1_high-hypoxic,sample1
578,Cell579,Cancer_clone_A,sample1
579,Cell580,Ductal_CRISP3_high-centroacinar_like,sample1
580,Cell581,Ductal_terminal_ductal_like,sample1
581,Cell582,Ductal_APOL1_high-hypoxic,sample1
582,Cell583,Ductal_MHC_Class_II,sample1
583,Cell584,Ductal_CRISP3_high-centroacinar_like,sample1
584,Cell585,Ductal_APOL1_high-hypoxic,sample1
585,Cell586,Macrophages_B,sample1
586,Cell587,Ductal_CRISP3_high-centroacinar_like,sample1
587,Cell588,Ductal_CRISP3_high-centroacinar_like,sample1
588,Cell589,Ductal_MHC_Class_II,sample1
589,Cell590,Cancer_clone_B,sample1
590,Cell591,Ductal_CRISP3_high-centroacinar_like,sample1
591,Cell592,Ductal_CRISP3_high-centroacinar_like,sample1
592,Cell593,Ductal_CRISP3_high-centroacinar_like,sample1
593,Cell594,Ductal_MHC_Class_II,sample1
594,Cell595,Ductal_terminal_ductal_like,sample1
595,Cell596,Ductal_MHC_Class_II,sample1
596,Cell597,Cancer_clone_B,sample1
597,Cell598,Ductal_CRISP3_high-centroacinar_like,sample1
598,Cell599,Cancer_clone_A,sample1
599,Cell600,Cancer_clone_B,sample1
600,Cell601,Ductal_terminal_ductal_like,sample1
601,Cell602,Ductal_MHC_Class_II,sample1
602,Cell603,Ductal_MHC_Class_II,sample1
603,Cell604,mDCs_B,sample1
604,Cell605,Ductal_APOL1_high-hypoxic,sample1
605,Cell606,mDCs_B,sample1
606,Cell607,Ductal_CRISP3_high-centroacinar_like,sample1
607,Cell608,T_cells_&_NK_cells,sample1
608,Cell609,Cancer_clone_A,sample1
609,Cell610,Ductal_CRISP3_high-centroacinar_like,sample1
610,Cell611,Macrophages_A,sample1
611,Cell612,Ductal_CRISP3_high-centroacinar_like,sample1
612,Cell613,Ductal_MHC_Class_II,sample1
613,Cell614,Ductal_terminal_ductal_like,sample1
614,Cell615,Ductal_terminal_ductal_like,sample1
615,Cell616,Macrophages_A,sample1
616,Cell617,Ductal_MHC_Class_II,sample1
617,Cell618,Ductal_MHC_Class_II,sample1
618,Cell619,Ductal_CRISP3_high-centroacinar_like,sample1
619,Cell620,Ductal_APOL1_high-hypoxic,sample1
620,Cell621,Ductal_terminal_ductal_like,sample1
621,Cell622,Ductal_CRISP3_high-centroacinar_like,sample1
622,Cell623,Ductal_terminal_ductal_like,sample1
623,Cell624,Ductal_CRISP3_high-centroacinar_like,sample1
624,Cell625,Ductal_terminal_ductal_like,sample1
625,Cell626,Cancer_clone_A,sample1
626,Cell627,Monocytes,sample1
627,Cell628,Ductal_CRISP3_high-centroacinar_like,sample1
628,Cell629,Ductal_terminal_ductal_like,sample1
629,Cell630,Ductal_terminal_ductal_like,sample1
630,Cell631,Cancer_clone_B,sample1
631,Cell632,Ductal_CRISP3_high-centroacinar_like,sample1
632,Cell633,Ductal_CRISP3_high-centroacinar_like,sample1
633,Cell634,Ductal_CRISP3_high-centroacinar_like,sample1
634,Cell635,Ductal_CRISP3_high-centroacinar_like,sample1
635,Cell636,Ductal_CRISP3_high-centroacinar_like,sample1
636,Cell637,Ductal_APOL1_high-hypoxic,sample1
637,Cell638,Ductal_CRISP3_high-centroacinar_like,sample1
638,Cell639,Macrophages_A,sample1
639,Cell640,Ductal_terminal_ductal_like,sample1
640,Cell641,Ductal_terminal_ductal_like,sample1
641,Cell642,Ductal_MHC_Class_II,sample1
642,Cell643,Ductal_terminal_ductal_like,sample1
643,Cell644,Cancer_clone_A,sample1
644,Cell645,Ductal_MHC_Class_II,sample1
645,Cell646,Ductal_MHC_Class_II,sample1
646,Cell647,Ductal_MHC_Class_II,sample1
647,Cell648,Ductal_CRISP3_high-centroacinar_like,sample1
648,Cell649,Ductal_MHC_Class_II,sample1
649,Cell650,Ductal_CRISP3_high-centroacinar_like,sample1
650,Cell651,Ductal_terminal_ductal_like,sample1
651,Cell652,Cancer_clone_B,sample1
652,Cell653,Ductal_terminal_ductal_like,sample1
653,Cell654,Ductal_MHC_Class_II,sample1
654,Cell655,Ductal_terminal_ductal_like,sample1
655,Cell656,Ductal_terminal_ductal_like,sample1
656,Cell657,T_cells_&_NK_cells,sample1
657,Cell658,Ductal_APOL1_high-hypoxic,sample1
658,Cell659,Monocytes,sample1
659,Cell660,Cancer_clone_B,sample1
660,Cell661,Ductal_MHC_Class_II,sample1
661,Cell662,Ductal_CRISP3_high-centroacinar_like,sample1
662,Cell663,Ductal_APOL1_high-hypoxic,sample1
663,Cell664,Ductal_terminal_ductal_like,sample1
664,Cell665,Ductal_MHC_Class_II,sample1
665,Cell666,Ductal_terminal_ductal_like,sample1
666,Cell667,Cancer_clone_A,sample1
667,Cell668,T_cells_&_NK_cells,sample1
668,Cell669,Ductal_terminal_ductal_like,sample1
669,Cell670,Ductal_terminal_ductal_like,sample1
670,Cell671,Ductal_CRISP3_high-centroacinar_like,sample1
671,Cell672,Ductal_terminal_ductal_like,sample1
672,Cell673,Ductal_CRISP3_high-centroacinar_like,sample1
673,Cell674,Macrophages_A,sample1
674,Cell675,Cancer_clone_A,sample1
675,Cell676,Ductal_CRISP3_high-centroacinar_like,sample1
676,Cell677,Ductal_MHC_Class_II,sample1
677,Cell678,Ductal_terminal_ductal_like,sample1
678,Cell679,Ductal_APOL1_high-hypoxic,sample1
679,Cell680,Ductal_MHC_Class_II,sample1
680,Cell681,Ductal_MHC_Class_II,sample1
681,Cell682,Ductal_CRISP3_high-centroacinar_like,sample1
682,Cell683,Ductal_CRISP3_high-centroacinar_like,sample1
683,Cell684,Ductal_MHC_Class_II,sample1
684,Cell685,Ductal_terminal_ductal_like,sample1
685,Cell686,Fibroblasts,sample1
686,Cell687,Ductal_terminal_ductal_like,sample1
687,Cell688,T_cells_&_NK_cells,sample1
688,Cell689,T_cells_&_NK_cells,sample1
689,Cell690,Cancer_clone_A,sample1
690,Cell691,Ductal_APOL1_high-hypoxic,sample1
691,Cell692,Ductal_terminal_ductal_like,sample1
692,Cell693,Cancer_clone_B,sample1
693,Cell694,Macrophages_B,sample1
694,Cell695,T_cells_&_NK_cells,sample1
695,Cell696,Ductal_MHC_Class_II,sample1
696,Cell697,Ductal_CRISP3_high-centroacinar_like,sample1
697,Cell698,Ductal_MHC_Class_II,sample1
698,Cell699,Ductal_APOL1_high-hypoxic,sample1
699,Cell700,Ductal_CRISP3_high-centroacinar_like,sample1
700,Cell701,Ductal_CRISP3_high-centroacinar_like,sample1
701,Cell702,Ductal_terminal_ductal_like,sample1
702,Cell703,Macrophages_B,sample1
703,Cell704,T_cells_&_NK_cells,sample1
704,Cell705,Ductal_CRISP3_high-centroacinar_like,sample1
705,Cell706,Ductal_MHC_Class_II,sample1
706,Cell707,Cancer_clone_A,sample1
707,Cell708,Ductal_terminal_ductal_like,sample1
708,Cell709,Cancer_clone_A,sample1
709,Cell710,Monocytes,sample1
710,Cell711,Ductal_MHC_Class_II,sample1
711,Cell712,Ductal_CRISP3_high-centroacinar_like,sample1
712,Cell713,Ductal_CRISP3_high-centroacinar_like,sample1
713,Cell714,Ductal_APOL1_high-hypoxic,sample1
714,Cell715,Ductal_APOL1_high-hypoxic,sample1
715,Cell716,Monocytes,sample1
716,Cell717,Endothelial_cells,sample1
717,Cell718,Ductal_terminal_ductal_like,sample1
718,Cell719,T_cells_&_NK_cells,sample1
719,Cell720,Macrophages_B,sample1
720,Cell721,T_cells_&_NK_cells,sample1
721,Cell722,Acinar_cells,sample1
722,Cell723,Ductal_CRISP3_high-centroacinar_like,sample1
723,Cell724,T_cells_&_NK_cells,sample1
724,Cell725,Cancer_clone_A,sample1
725,Cell726,Ductal_MHC_Class_II,sample1
726,Cell727,Ductal_terminal_ductal_like,sample1
727,Cell728,Ductal_MHC_Class_II,sample1
728,Cell729,Ductal_MHC_Class_II,sample1
729,Cell730,Cancer_clone_A,sample1
730,Cell731,RBCs,sample1
731,Cell732,Ductal_CRISP3_high-centroacinar_like,sample1
732,Cell733,Cancer_clone_B,sample1
733,Cell734,Fibroblasts,sample1
734,Cell735,Ductal_MHC_Class_II,sample1
735,Cell736,Ductal_MHC_Class_II,sample1
736,Cell737,Ductal_MHC_Class_II,sample1
737,Cell738,mDCs_B,sample1
738,Cell739,T_cells_&_NK_cells,sample1
739,Cell740,Macrophages_A,sample1
740,Cell741,Ductal_MHC_Class_II,sample1
741,Cell742,T_cells_&_NK_cells,sample1
742,Cell743,Cancer_clone_B,sample1
743,Cell744,Cancer_clone_A,sample1
744,Cell745,Macrophages_A,sample1
745,Cell746,Ductal_CRISP3_high-centroacinar_like,sample1
746,Cell747,Ductal_CRISP3_high-centroacinar_like,sample1
747,Cell748,Monocytes,sample1
748,Cell749,Ductal_CRISP3_high-centroacinar_like,sample1
749,Cell750,Ductal_CRISP3_high-centroacinar_like,sample1
750,Cell751,T_cells_&_NK_cells,sample1
751,Cell752,Ductal_CRISP3_high-centroacinar_like,sample1
752,Cell753,RBCs,sample1
753,Cell754,Ductal_CRISP3_high-centroacinar_like,sample1
754,Cell755,Monocytes,sample1
755,Cell756,Ductal_CRISP3_high-centroacinar_like,sample1
756,Cell757,Ductal_terminal_ductal_like,sample1
757,Cell758,Cancer_clone_B,sample1
758,Cell759,Ductal_terminal_ductal_like,sample1
759,Cell760,Ductal_MHC_Class_II,sample1
760,Cell761,Cancer_clone_A,sample1
761,Cell762,Ductal_CRISP3_high-centroacinar_like,sample1
762,Cell763,Ductal_APOL1_high-hypoxic,sample1
763,Cell764,Ductal_CRISP3_high-centroacinar_like,sample1
764,Cell765,Ductal_terminal_ductal_like,sample1
765,Cell766,Ductal_CRISP3_high-centroacinar_like,sample1
766,Cell767,Ductal_terminal_ductal_like,sample1
767,Cell768,Cancer_clone_A,sample1
768,Cell769,Cancer_clone_A,sample1
769,Cell770,Ductal_CRISP3_high-centroacinar_like,sample1
770,Cell771,Mast_cells,sample1
771,Cell772,Cancer_clone_B,sample1
772,Cell773,Ductal_MHC_Class_II,sample1
773,Cell774,Cancer_clone_A,sample1
774,Cell775,Ductal_terminal_ductal_like,sample1
775,Cell776,Ductal_MHC_Class_II,sample1
776,Cell777,Ductal_CRISP3_high-centroacinar_like,sample1
777,Cell778,Ductal_MHC_Class_II,sample1
778,Cell779,Ductal_MHC_Class_II,sample1
779,Cell780,Ductal_MHC_Class_II,sample1
780,Cell781,Acinar_cells,sample1
781,Cell782,Cancer_clone_B,sample1
782,Cell783,Ductal_CRISP3_high-centroacinar_like,sample1
783,Cell784,Ductal_MHC_Class_II,sample1
784,Cell785,Ductal_APOL1_high-hypoxic,sample1
785,Cell786,Ductal_CRISP3_high-centroacinar_like,sample1
786,Cell787,Ductal_terminal_ductal_like,sample1
787,Cell788,Ductal_terminal_ductal_like,sample1
788,Cell789,Cancer_clone_A,sample1
789,Cell790,Ductal_terminal_ductal_like,sample1
790,Cell791,Ductal_terminal_ductal_like,sample1
791,Cell792,Ductal_terminal_ductal_like,sample1
792,Cell793,Ductal_CRISP3_high-centroacinar_like,sample1
793,Cell794,Ductal_CRISP3_high-centroacinar_like,sample1
794,Cell795,Cancer_clone_A,sample1
795,Cell796,Ductal_terminal_ductal_like,sample1
796,Cell797,Cancer_clone_B,sample1
797,Cell798,Ductal_terminal_ductal_like,sample1
798,Cell799,Ductal_CRISP3_high-centroacinar_like,sample1
799,Cell800,Ductal_APOL1_high-hypoxic,sample1
800,Cell801,Ductal_CRISP3_high-centroacinar_like,sample1
801,Cell802,Ductal_CRISP3_high-centroacinar_like,sample1
802,Cell803,Ductal_CRISP3_high-centroacinar_like,sample1
803,Cell804,Ductal_terminal_ductal_like,sample1
804,Cell805,Ductal_CRISP3_high-centroacinar_like,sample1
805,Cell806,Ductal_APOL1_high-hypoxic,sample1
806,Cell807,Ductal_MHC_Class_II,sample1
807,Cell808,Ductal_CRISP3_high-centroacinar_like,sample1
808,Cell809,Ductal_CRISP3_high-centroacinar_like,sample1
809,Cell810,Ductal_MHC_Class_II,sample1
810,Cell811,Ductal_MHC_Class_II,sample1
811,Cell812,Ductal_CRISP3_high-centroacinar_like,sample1
812,Cell813,Cancer_clone_A,sample1
813,Cell814,Ductal_MHC_Class_II,sample1
814,Cell815,Ductal_CRISP3_high-centroacinar_like,sample1
815,Cell816,Ductal_MHC_Class_II,sample1
816,Cell817,Ductal_CRISP3_high-centroacinar_like,sample1
817,Cell818,Ductal_CRISP3_high-centroacinar_like,sample1
818,Cell819,Ductal_CRISP3_high-centroacinar_like,sample1
819,Cell820,Ductal_CRISP3_high-centroacinar_like,sample1
820,Cell821,Ductal_terminal_ductal_like,sample1
821,Cell822,Ductal_terminal_ductal_like,sample1
822,Cell823,Ductal_terminal_ductal_like,sample1
823,Cell824,Ductal_MHC_Class_II,sample1
824,Cell825,Cancer_clone_A,sample1
825,Cell826,Mast_cells,sample1
826,Cell827,Ductal_CRISP3_high-centroacinar_like,sample1
827,Cell828,Ductal_APOL1_high-hypoxic,sample1
828,Cell829,Ductal_terminal_ductal_like,sample1
829,Cell830,Ductal_MHC_Class_II,sample1
830,Cell831,Cancer_clone_A,sample1
831,Cell832,Ductal_APOL1_high-hypoxic,sample1
832,Cell833,Mast_cells,sample1
833,Cell834,Ductal_APOL1_high-hypoxic,sample1
834,Cell835,Ductal_terminal_ductal_like,sample1
835,Cell836,Cancer_clone_A,sample1
836,Cell837,Ductal_MHC_Class_II,sample1
837,Cell838,Ductal_CRISP3_high-centroacinar_like,sample1
838,Cell839,Ductal_MHC_Class_II,sample1
839,Cell840,Ductal_APOL1_high-hypoxic,sample1
840,Cell841,Ductal_CRISP3_high-centroacinar_like,sample1
841,Cell842,Ductal_CRISP3_high-centroacinar_like,sample1
842,Cell843,Cancer_clone_B,sample1
843,Cell844,Ductal_MHC_Class_II,sample1
844,Cell845,Ductal_APOL1_high-hypoxic,sample1
845,Cell846,Ductal_APOL1_high-hypoxic,sample1
846,Cell847,Ductal_APOL1_high-hypoxic,sample1
847,Cell848,Ductal_CRISP3_high-centroacinar_like,sample1
848,Cell849,Ductal_CRISP3_high-centroacinar_like,sample1
849,Cell850,Ductal_APOL1_high-hypoxic,sample1
850,Cell851,Ductal_CRISP3_high-centroacinar_like,sample1
851,Cell852,Ductal_terminal_ductal_like,sample1
852,Cell853,Ductal_CRISP3_high-centroacinar_like,sample1
853,Cell854,Ductal_APOL1_high-hypoxic,sample1
854,Cell855,Ductal_MHC_Class_II,sample1
855,Cell856,Endothelial_cells,sample1
856,Cell857,Ductal_APOL1_high-hypoxic,sample1
857,Cell858,Ductal_terminal_ductal_like,sample1
858,Cell859,Cancer_clone_A,sample1
859,Cell860,Ductal_terminal_ductal_like,sample1
860,Cell861,Ductal_APOL1_high-hypoxic,sample1
861,Cell862,Ductal_MHC_Class_II,sample1
862,Cell863,Ductal_APOL1_high-hypoxic,sample1
863,Cell864,Ductal_APOL1_high-hypoxic,sample1
864,Cell865,Ductal_MHC_Class_II,sample1
865,Cell866,Cancer_clone_B,sample1
866,Cell867,Ductal_terminal_ductal_like,sample1
867,Cell868,Cancer_clone_B,sample1
868,Cell869,Ductal_terminal_ductal_like,sample1
869,Cell870,Ductal_CRISP3_high-centroacinar_like,sample1
870,Cell871,Ductal_CRISP3_high-centroacinar_like,sample1
871,Cell872,Ductal_APOL1_high-hypoxic,sample1
872,Cell873,Cancer_clone_B,sample1
873,Cell874,Ductal_CRISP3_high-centroacinar_like,sample1
874,Cell875,Ductal_terminal_ductal_like,sample1
875,Cell876,Cancer_clone_B,sample1
876,Cell877,Ductal_terminal_ductal_like,sample1
877,Cell878,Ductal_MHC_Class_II,sample1
878,Cell879,Ductal_APOL1_high-hypoxic,sample1
879,Cell880,Ductal_CRISP3_high-centroacinar_like,sample1
880,Cell881,Ductal_APOL1_high-hypoxic,sample1
881,Cell882,Ductal_CRISP3_high-centroacinar_like,sample1
882,Cell883,Ductal_CRISP3_high-centroacinar_like,sample1
883,Cell884,Ductal_terminal_ductal_like,sample1
884,Cell885,Ductal_terminal_ductal_like,sample1
885,Cell886,Ductal_terminal_ductal_like,sample1
886,Cell887,Cancer_clone_B,sample1
887,Cell888,Ductal_CRISP3_high-centroacinar_like,sample1
888,Cell889,Cancer_clone_B,sample1
889,Cell890,Ductal_CRISP3_high-centroacinar_like,sample1
890,Cell891,Cancer_clone_A,sample1
891,Cell892,Ductal_CRISP3_high-centroacinar_like,sample1
892,Cell893,Ductal_APOL1_high-hypoxic,sample1
893,Cell894,mDCs_B,sample1
894,Cell895,Ductal_MHC_Class_II,sample1
895,Cell896,Ductal_terminal_ductal_like,sample1
896,Cell897,Macrophages_A,sample1
897,Cell898,Ductal_CRISP3_high-centroacinar_like,sample1
898,Cell899,Ductal_MHC_Class_II,sample1
899,Cell900,Cancer_clone_B,sample1
900,Cell901,Ductal_MHC_Class_II,sample1
901,Cell902,Ductal_CRISP3_high-centroacinar_like,sample1
902,Cell903,Ductal_terminal_ductal_like,sample1
903,Cell904,Ductal_terminal_ductal_like,sample1
904,Cell905,Ductal_terminal_ductal_like,sample1
905,Cell906,Ductal_APOL1_high-hypoxic,sample1
906,Cell907,Ductal_CRISP3_high-centroacinar_like,sample1
907,Cell908,Cancer_clone_B,sample1
908,Cell909,Ductal_terminal_ductal_like,sample1
909,Cell910,Ductal_CRISP3_high-centroacinar_like,sample1
910,Cell911,Ductal_CRISP3_high-centroacinar_like,sample1
911,Cell912,Ductal_CRISP3_high-centroacinar_like,sample1
912,Cell913,Ductal_terminal_ductal_like,sample1
913,Cell914,Ductal_CRISP3_high-centroacinar_like,sample1
914,Cell915,Ductal_MHC_Class_II,sample1
915,Cell916,Ductal_MHC_Class_II,sample1
916,Cell917,Ductal_CRISP3_high-centroacinar_like,sample1
917,Cell918,Ductal_CRISP3_high-centroacinar_like,sample1
918,Cell919,Ductal_CRISP3_high-centroacinar_like,sample1
919,Cell920,Cancer_clone_B,sample1
920,Cell921,Macrophages_A,sample1
921,Cell922,Ductal_CRISP3_high-centroacinar_like,sample1
922,Cell923,Ductal_terminal_ductal_like,sample1
923,Cell924,Macrophages_A,sample1
924,Cell925,Ductal_terminal_ductal_like,sample1
925,Cell926,Ductal_terminal_ductal_like,sample1
926,Cell927,Ductal_CRISP3_high-centroacinar_like,sample1
927,Cell928,Ductal_CRISP3_high-centroacinar_like,sample1
928,Cell929,Ductal_CRISP3_high-centroacinar_like,sample1
929,Cell930,Ductal_APOL1_high-hypoxic,sample1
930,Cell931,Ductal_APOL1_high-hypoxic,sample1
931,Cell932,Ductal_MHC_Class_II,sample1
932,Cell933,Cancer_clone_B,sample1
933,Cell934,Ductal_MHC_Class_II,sample1
934,Cell935,Ductal_APOL1_high-hypoxic,sample1
935,Cell936,Cancer_clone_B,sample1
936,Cell937,mDCs_B,sample1
937,Cell938,Cancer_clone_B,sample1
938,Cell939,Ductal_CRISP3_high-centroacinar_like,sample1
939,Cell940,Ductal_terminal_ductal_like,sample1
940,Cell941,Ductal_APOL1_high-hypoxic,sample1
941,Cell942,Ductal_terminal_ductal_like,sample1
942,Cell943,Ductal_CRISP3_high-centroacinar_like,sample1
943,Cell944,Cancer_clone_B,sample1
944,Cell945,Ductal_APOL1_high-hypoxic,sample1
945,Cell946,Ductal_CRISP3_high-centroacinar_like,sample1
946,Cell947,Ductal_CRISP3_high-centroacinar_like,sample1
947,Cell948,Ductal_APOL1_high-hypoxic,sample1
948,Cell949,Ductal_terminal_ductal_like,sample1
949,Cell950,Ductal_APOL1_high-hypoxic,sample1
950,Cell951,Ductal_CRISP3_high-centroacinar_like,sample1
951,Cell952,Ductal_terminal_ductal_like,sample1
952,Cell953,Cancer_clone_B,sample1
953,Cell954,Ductal_APOL1_high-hypoxic,sample1
954,Cell955,Ductal_CRISP3_high-centroacinar_like,sample1
955,Cell956,Ductal_CRISP3_high-centroacinar_like,sample1
956,Cell957,Ductal_CRISP3_high-centroacinar_like,sample1
957,Cell958,Ductal_CRISP3_high-centroacinar_like,sample1
958,Cell959,T_cells_&_NK_cells,sample1
959,Cell960,Ductal_MHC_Class_II,sample1
960,Cell961,Macrophages_A,sample1
961,Cell962,Ductal_APOL1_high-hypoxic,sample1
962,Cell963,Ductal_terminal_ductal_like,sample1
963,Cell964,Ductal_CRISP3_high-centroacinar_like,sample1
964,Cell965,Ductal_terminal_ductal_like,sample1
965,Cell966,Ductal_terminal_ductal_like,sample1
966,Cell967,Macrophages_A,sample1
967,Cell968,Ductal_MHC_Class_II,sample1
968,Cell969,Ductal_APOL1_high-hypoxic,sample1
969,Cell970,Cancer_clone_B,sample1
970,Cell971,mDCs_B,sample1
971,Cell972,Ductal_MHC_Class_II,sample1
972,Cell973,Fibroblasts,sample1
973,Cell974,Ductal_APOL1_high-hypoxic,sample1
974,Cell975,Ductal_MHC_Class_II,sample1
975,Cell976,Ductal_terminal_ductal_like,sample1
976,Cell977,Cancer_clone_B,sample1
977,Cell978,Ductal_APOL1_high-hypoxic,sample1
978,Cell979,mDCs_B,sample1
979,Cell980,Ductal_MHC_Class_II,sample1
980,Cell981,Ductal_APOL1_high-hypoxic,sample1
981,Cell982,Ductal_terminal_ductal_like,sample1
982,Cell983,Ductal_APOL1_high-hypoxic,sample1
983,Cell984,Cancer_clone_B,sample1
984,Cell985,Ductal_MHC_Class_II,sample1
985,Cell986,Cancer_clone_A,sample1
986,Cell987,Ductal_CRISP3_high-centroacinar_like,sample1
987,Cell988,Ductal_CRISP3_high-centroacinar_like,sample1
988,Cell989,Ductal_CRISP3_high-centroacinar_like,sample1
989,Cell990,Ductal_terminal_ductal_like,sample1
990,Cell991,Ductal_terminal_ductal_like,sample1
991,Cell992,Ductal_CRISP3_high-centroacinar_like,sample1
992,Cell993,Ductal_terminal_ductal_like,sample1
993,Cell994,Ductal_terminal_ductal_like,sample1
994,Cell995,Ductal_MHC_Class_II,sample1
995,Cell996,Ductal_MHC_Class_II,sample1
996,Cell997,Ductal_CRISP3_high-centroacinar_like,sample1
997,Cell998,Ductal_CRISP3_high-centroacinar_like,sample1
998,Cell999,Tuft_cells,sample1
999,Cell1000,Ductal_MHC_Class_II,sample1
1000,Cell1001,mDCs_B,sample1
1001,Cell1002,Ductal_MHC_Class_II,sample1
1002,Cell1003,Ductal_CRISP3_high-centroacinar_like,sample1
1003,Cell1004,Ductal_CRISP3_high-centroacinar_like,sample1
1004,Cell1005,Ductal_CRISP3_high-centroacinar_like,sample1
1005,Cell1006,Ductal_terminal_ductal_like,sample1
1006,Cell1007,Cancer_clone_B,sample1
1007,Cell1008,Cancer_clone_A,sample1
1008,Cell1009,Cancer_clone_B,sample1
1009,Cell1010,Ductal_CRISP3_high-centroacinar_like,sample1
1010,Cell1011,Ductal_CRISP3_high-centroacinar_like,sample1
1011,Cell1012,Ductal_APOL1_high-hypoxic,sample1
1012,Cell1013,Ductal_MHC_Class_II,sample1
1013,Cell1014,Cancer_clone_A,sample1
1014,Cell1015,mDCs_A,sample1
1015,Cell1016,Ductal_CRISP3_high-centroacinar_like,sample1
1016,Cell1017,mDCs_B,sample1
1017,Cell1018,Cancer_clone_B,sample1
1018,Cell1019,Macrophages_B,sample1
1019,Cell1020,Ductal_terminal_ductal_like,sample1
1020,Cell1021,Ductal_APOL1_high-hypoxic,sample1
1021,Cell1022,Macrophages_B,sample1
1022,Cell1023,Ductal_CRISP3_high-centroacinar_like,sample1
1023,Cell1024,Ductal_CRISP3_high-centroacinar_like,sample1
1024,Cell1025,Ductal_CRISP3_high-centroacinar_like,sample1
1025,Cell1026,Cancer_clone_B,sample1
1026,Cell1027,Ductal_terminal_ductal_like,sample1
1027,Cell1028,Ductal_terminal_ductal_like,sample1
1028,Cell1029,Ductal_terminal_ductal_like,sample1
1029,Cell1030,Cancer_clone_B,sample1
1030,Cell1031,Cancer_clone_B,sample1
1031,Cell1032,Ductal_terminal_ductal_like,sample1
1032,Cell1033,Ductal_APOL1_high-hypoxic,sample1
1033,Cell1034,Macrophages_B,sample1
1034,Cell1035,T_cells_&_NK_cells,sample1
1035,Cell1036,Tuft_cells,sample1
1036,Cell1037,Ductal_MHC_Class_II,sample1
1037,Cell1038,Ductal_CRISP3_high-centroacinar_like,sample1
1038,Cell1039,Ductal_APOL1_high-hypoxic,sample1
1039,Cell1040,Cancer_clone_B,sample1
1040,Cell1041,Endocrine_cells,sample1
1041,Cell1042,Cancer_clone_B,sample1
1042,Cell1043,Ductal_APOL1_high-hypoxic,sample1
1043,Cell1044,Ductal_terminal_ductal_like,sample1
1044,Cell1045,Tuft_cells,sample1
1045,Cell1046,Ductal_MHC_Class_II,sample1
1046,Cell1047,Ductal_APOL1_high-hypoxic,sample1
1047,Cell1048,Cancer_clone_B,sample1
1048,Cell1049,Ductal_CRISP3_high-centroacinar_like,sample1
1049,Cell1050,pDCs,sample1
1050,Cell1051,mDCs_B,sample1
1051,Cell1052,Ductal_terminal_ductal_like,sample1
1052,Cell1053,Ductal_CRISP3_high-centroacinar_like,sample1
1053,Cell1054,Ductal_MHC_Class_II,sample1
1054,Cell1055,Macrophages_A,sample1
1055,Cell1056,Ductal_CRISP3_high-centroacinar_like,sample1
1056,Cell1057,Ductal_terminal_ductal_like,sample1
1057,Cell1058,Cancer_clone_B,sample1
1058,Cell1059,Ductal_CRISP3_high-centroacinar_like,sample1
1059,Cell1060,Ductal_APOL1_high-hypoxic,sample1
1060,Cell1061,Ductal_terminal_ductal_like,sample1
1061,Cell1062,Ductal_APOL1_high-hypoxic,sample1
1062,Cell1063,Ductal_CRISP3_high-centroacinar_like,sample1
1063,Cell1064,Ductal_CRISP3_high-centroacinar_like,sample1
1064,Cell1065,Monocytes,sample1
1065,Cell1066,Ductal_CRISP3_high-centroacinar_like,sample1
1066,Cell1067,Ductal_CRISP3_high-centroacinar_like,sample1
1067,Cell1068,Ductal_MHC_Class_II,sample1
1068,Cell1069,Ductal_terminal_ductal_like,sample1
1069,Cell1070,Ductal_CRISP3_high-centroacinar_like,sample1
1070,Cell1071,Ductal_CRISP3_high-centroacinar_like,sample1
1071,Cell1072,Ductal_CRISP3_high-centroacinar_like,sample1
1072,Cell1073,Monocytes,sample1
1073,Cell1074,Ductal_terminal_ductal_like,sample1
1074,Cell1075,Cancer_clone_A,sample1
1075,Cell1076,Ductal_MHC_Class_II,sample1
1076,Cell1077,RBCs,sample1
1077,Cell1078,Acinar_cells,sample1
1078,Cell1079,RBCs,sample1
1079,Cell1080,Ductal_CRISP3_high-centroacinar_like,sample1
1080,Cell1081,Ductal_CRISP3_high-centroacinar_like,sample1
1081,Cell1082,Ductal_CRISP3_high-centroacinar_like,sample1
1082,Cell1083,Cancer_clone_A,sample1
1083,Cell1084,Ductal_MHC_Class_II,sample1
1084,Cell1085,Ductal_CRISP3_high-centroacinar_like,sample1
1085,Cell1086,Ductal_terminal_ductal_like,sample1
1086,Cell1087,Ductal_terminal_ductal_like,sample1
1087,Cell1088,Ductal_terminal_ductal_like,sample1
1088,Cell1089,Ductal_CRISP3_high-centroacinar_like,sample1
1089,Cell1090,Ductal_APOL1_high-hypoxic,sample1
1090,Cell1091,Ductal_MHC_Class_II,sample1
1091,Cell1092,Cancer_clone_B,sample1
1092,Cell1093,Cancer_clone_B,sample1
1093,Cell1094,Ductal_terminal_ductal_like,sample1
1094,Cell1095,Ductal_MHC_Class_II,sample1
1095,Cell1096,Ductal_CRISP3_high-centroacinar_like,sample1
1096,Cell1097,Ductal_APOL1_high-hypoxic,sample1
1097,Cell1098,Ductal_terminal_ductal_like,sample1
1098,Cell1099,Ductal_terminal_ductal_like,sample1
1099,Cell1100,Ductal_APOL1_high-hypoxic,sample1
1100,Cell1101,Ductal_terminal_ductal_like,sample1
1101,Cell1102,Ductal_terminal_ductal_like,sample1
1102,Cell1103,Ductal_MHC_Class_II,sample1
1103,Cell1104,Cancer_clone_A,sample1
1104,Cell1105,Ductal_CRISP3_high-centroacinar_like,sample1
1105,Cell1106,Ductal_CRISP3_high-centroacinar_like,sample1
1106,Cell1107,Ductal_APOL1_high-hypoxic,sample1
1107,Cell1108,Ductal_CRISP3_high-centroacinar_like,sample1
1108,Cell1109,mDCs_B,sample1
1109,Cell1110,Cancer_clone_A,sample1
1110,Cell1111,mDCs_B,sample1
1111,Cell1112,Cancer_clone_B,sample1
1112,Cell1113,pDCs,sample1
1113,Cell1114,Ductal_MHC_Class_II,sample1
1114,Cell1115,Ductal_CRISP3_high-centroacinar_like,sample1
1115,Cell1116,Ductal_terminal_ductal_like,sample1
1116,Cell1117,Ductal_APOL1_high-hypoxic,sample1
1117,Cell1118,Ductal_CRISP3_high-centroacinar_like,sample1
1118,Cell1119,Ductal_terminal_ductal_like,sample1
1119,Cell1120,Ductal_MHC_Class_II,sample1
1120,Cell1121,Ductal_CRISP3_high-centroacinar_like,sample1
1121,Cell1122,Ductal_APOL1_high-hypoxic,sample1
1122,Cell1123,Ductal_MHC_Class_II,sample1
1123,Cell1124,Ductal_MHC_Class_II,sample1
1124,Cell1125,Ductal_MHC_Class_II,sample1
1125,Cell1126,Ductal_CRISP3_high-centroacinar_like,sample1
1126,Cell1127,Cancer_clone_A,sample1
1127,Cell1128,Ductal_terminal_ductal_like,sample1
1128,Cell1129,Ductal_APOL1_high-hypoxic,sample1
1129,Cell1130,Ductal_terminal_ductal_like,sample1
1130,Cell1131,Ductal_terminal_ductal_like,sample1
1131,Cell1132,Cancer_clone_B,sample1
1132,Cell1133,Ductal_CRISP3_high-centroacinar_like,sample1
1133,Cell1134,Tuft_cells,sample1
1134,Cell1135,Cancer_clone_A,sample1
1135,Cell1136,Ductal_CRISP3_high-centroacinar_like,sample1
1136,Cell1137,Ductal_terminal_ductal_like,sample1
1137,Cell1138,Ductal_MHC_Class_II,sample1
1138,Cell1139,Ductal_terminal_ductal_like,sample1
1139,Cell1140,Cancer_clone_B,sample1
1140,Cell1141,Acinar_cells,sample1
1141,Cell1142,Cancer_clone_A,sample1
1142,Cell1143,Ductal_CRISP3_high-centroacinar_like,sample1
1143,Cell1144,Ductal_MHC_Class_II,sample1
1144,Cell1145,Cancer_clone_A,sample1
1145,Cell1146,Ductal_terminal_ductal_like,sample1
1146,Cell1147,Ductal_APOL1_high-hypoxic,sample1
1147,Cell1148,Cancer_clone_A,sample1
1148,Cell1149,Cancer_clone_B,sample1
1149,Cell1150,Ductal_terminal_ductal_like,sample1
1150,Cell1151,Ductal_CRISP3_high-centroacinar_like,sample1
1151,Cell1152,Ductal_CRISP3_high-centroacinar_like,sample1
1152,Cell1153,mDCs_B,sample1
1153,Cell1154,Ductal_APOL1_high-hypoxic,sample1
1154,Cell1155,Cancer_clone_B,sample1
1155,Cell1156,Cancer_clone_A,sample1
1156,Cell1157,Ductal_CRISP3_high-centroacinar_like,sample1
1157,Cell1158,Ductal_terminal_ductal_like,sample1
1158,Cell1159,Ductal_terminal_ductal_like,sample1
1159,Cell1160,Ductal_APOL1_high-hypoxic,sample1
1160,Cell1161,Ductal_CRISP3_high-centroacinar_like,sample1
1161,Cell1162,Ductal_APOL1_high-hypoxic,sample1
1162,Cell1163,Ductal_CRISP3_high-centroacinar_like,sample1
1163,Cell1164,Ductal_CRISP3_high-centroacinar_like,sample1
1164,Cell1165,Cancer_clone_B,sample1
1165,Cell1166,Ductal_APOL1_high-hypoxic,sample1
1166,Cell1167,Ductal_CRISP3_high-centroacinar_like,sample1
1167,Cell1168,Ductal_MHC_Class_II,sample1
1168,Cell1169,Ductal_CRISP3_high-centroacinar_like,sample1
1169,Cell1170,Ductal_MHC_Class_II,sample1
1170,Cell1171,Ductal_terminal_ductal_like,sample1
1171,Cell1172,Ductal_MHC_Class_II,sample1
1172,Cell1173,Ductal_terminal_ductal_like,sample1
1173,Cell1174,Ductal_APOL1_high-hypoxic,sample1
1174,Cell1175,Ductal_MHC_Class_II,sample1
1175,Cell1176,Cancer_clone_A,sample1
1176,Cell1177,Ductal_terminal_ductal_like,sample1
1177,Cell1178,Ductal_MHC_Class_II,sample1
1178,Cell1179,Ductal_APOL1_high-hypoxic,sample1
1179,Cell1180,Cancer_clone_B,sample1
1180,Cell1181,Ductal_CRISP3_high-centroacinar_like,sample1
1181,Cell1182,Ductal_MHC_Class_II,sample1
1182,Cell1183,Ductal_terminal_ductal_like,sample1
1183,Cell1184,Ductal_CRISP3_high-centroacinar_like,sample1
1184,Cell1185,Ductal_MHC_Class_II,sample1
1185,Cell1186,Ductal_terminal_ductal_like,sample1
1186,Cell1187,Ductal_terminal_ductal_like,sample1
1187,Cell1188,Ductal_MHC_Class_II,sample1
1188,Cell1189,Ductal_MHC_Class_II,sample1
1189,Cell1190,Ductal_MHC_Class_II,sample1
1190,Cell1191,Ductal_MHC_Class_II,sample1
1191,Cell1192,Ductal_terminal_ductal_like,sample1
1192,Cell1193,Cancer_clone_B,sample1
1193,Cell1194,Ductal_terminal_ductal_like,sample1
1194,Cell1195,Ductal_APOL1_high-hypoxic,sample1
1195,Cell1196,Ductal_terminal_ductal_like,sample1
1196,Cell1197,Ductal_CRISP3_high-centroacinar_like,sample1
1197,Cell1198,Ductal_MHC_Class_II,sample1
1198,Cell1199,Ductal_APOL1_high-hypoxic,sample1
1199,Cell1200,Cancer_clone_B,sample1
1200,Cell1201,Ductal_APOL1_high-hypoxic,sample1
1201,Cell1202,Ductal_MHC_Class_II,sample1
1202,Cell1203,Ductal_terminal_ductal_like,sample1
1203,Cell1204,Ductal_terminal_ductal_like,sample1
1204,Cell1205,Ductal_MHC_Class_II,sample1
1205,Cell1206,Cancer_clone_A,sample1
1206,Cell1207,Ductal_CRISP3_high-centroacinar_like,sample1
1207,Cell1208,Ductal_CRISP3_high-centroacinar_like,sample1
1208,Cell1209,Ductal_CRISP3_high-centroacinar_like,sample1
1209,Cell1210,Ductal_APOL1_high-hypoxic,sample1
1210,Cell1211,Ductal_CRISP3_high-centroacinar_like,sample1
1211,Cell1212,Ductal_CRISP3_high-centroacinar_like,sample1
1212,Cell1213,Ductal_APOL1_high-hypoxic,sample1
1213,Cell1214,Ductal_CRISP3_high-centroacinar_like,sample1
1214,Cell1215,Ductal_APOL1_high-hypoxic,sample1
1215,Cell1216,Ductal_terminal_ductal_like,sample1
1216,Cell1217,Ductal_CRISP3_high-centroacinar_like,sample1
1217,Cell1218,Ductal_MHC_Class_II,sample1
1218,Cell1219,Ductal_CRISP3_high-centroacinar_like,sample1
1219,Cell1220,Monocytes,sample1
1220,Cell1221,Ductal_APOL1_high-hypoxic,sample1
1221,Cell1222,Cancer_clone_B,sample1
1222,Cell1223,Ductal_CRISP3_high-centroacinar_like,sample1
1223,Cell1224,Tuft_cells,sample1
1224,Cell1225,Macrophages_A,sample1
1225,Cell1226,Ductal_terminal_ductal_like,sample1
1226,Cell1227,Ductal_CRISP3_high-centroacinar_like,sample1
1227,Cell1228,Macrophages_B,sample1
1228,Cell1229,T_cells_&_NK_cells,sample1
1229,Cell1230,Ductal_terminal_ductal_like,sample1
1230,Cell1231,Ductal_CRISP3_high-centroacinar_like,sample1
1231,Cell1232,Cancer_clone_B,sample1
1232,Cell1233,Ductal_CRISP3_high-centroacinar_like,sample1
1233,Cell1234,Ductal_terminal_ductal_like,sample1
1234,Cell1235,Ductal_CRISP3_high-centroacinar_like,sample1
1235,Cell1236,Ductal_MHC_Class_II,sample1
1236,Cell1237,Ductal_CRISP3_high-centroacinar_like,sample1
1237,Cell1238,Cancer_clone_B,sample1
1238,Cell1239,Ductal_MHC_Class_II,sample1
1239,Cell1240,Cancer_clone_B,sample1
1240,Cell1241,Ductal_CRISP3_high-centroacinar_like,sample1
1241,Cell1242,Tuft_cells,sample1
1242,Cell1243,Ductal_terminal_ductal_like,sample1
1243,Cell1244,Endothelial_cells,sample1
1244,Cell1245,Ductal_terminal_ductal_like,sample1
1245,Cell1246,Ductal_APOL1_high-hypoxic,sample1
1246,Cell1247,Ductal_terminal_ductal_like,sample1
1247,Cell1248,Ductal_terminal_ductal_like,sample1
1248,Cell1249,Ductal_CRISP3_high-centroacinar_like,sample1
1249,Cell1250,Ductal_APOL1_high-hypoxic,sample1
1250,Cell1251,Ductal_terminal_ductal_like,sample1
1251,Cell1252,Ductal_MHC_Class_II,sample1
1252,Cell1253,Ductal_CRISP3_high-centroacinar_like,sample1
1253,Cell1254,Ductal_APOL1_high-hypoxic,sample1
1254,Cell1255,Ductal_MHC_Class_II,sample1
1255,Cell1256,Ductal_terminal_ductal_like,sample1
1256,Cell1257,Ductal_APOL1_high-hypoxic,sample1
1257,Cell1258,mDCs_B,sample1
1258,Cell1259,Ductal_APOL1_high-hypoxic,sample1
1259,Cell1260,Ductal_CRISP3_high-centroacinar_like,sample1
1260,Cell1261,Ductal_CRISP3_high-centroacinar_like,sample1
1261,Cell1262,Ductal_terminal_ductal_like,sample1
1262,Cell1263,Ductal_MHC_Class_II,sample1
1263,Cell1264,Cancer_clone_B,sample1
1264,Cell1265,Cancer_clone_B,sample1
1265,Cell1266,Cancer_clone_B,sample1
1266,Cell1267,Ductal_terminal_ductal_like,sample1
1267,Cell1268,Ductal_MHC_Class_II,sample1
1268,Cell1269,Ductal_terminal_ductal_like,sample1
1269,Cell1270,Ductal_CRISP3_high-centroacinar_like,sample1
1270,Cell1271,Macrophages_B,sample1
1271,Cell1272,Ductal_CRISP3_high-centroacinar_like,sample1
1272,Cell1273,Ductal_CRISP3_high-centroacinar_like,sample1
1273,Cell1274,Cancer_clone_A,sample1
1274,Cell1275,Cancer_clone_A,sample1
1275,Cell1276,Ductal_CRISP3_high-centroacinar_like,sample1
1276,Cell1277,Ductal_MHC_Class_II,sample1
1277,Cell1278,Ductal_CRISP3_high-centroacinar_like,sample1
1278,Cell1279,Ductal_CRISP3_high-centroacinar_like,sample1
1279,Cell1280,Ductal_CRISP3_high-centroacinar_like,sample1
1280,Cell1281,Ductal_MHC_Class_II,sample1
1281,Cell1282,Ductal_CRISP3_high-centroacinar_like,sample1
1282,Cell1283,Cancer_clone_B,sample1
1283,Cell1284,Tuft_cells,sample1
1284,Cell1285,Ductal_MHC_Class_II,sample1
1285,Cell1286,Cancer_clone_A,sample1
1286,Cell1287,Ductal_terminal_ductal_like,sample1
1287,Cell1288,Ductal_MHC_Class_II,sample1
1288,Cell1289,Ductal_CRISP3_high-centroacinar_like,sample1
1289,Cell1290,Ductal_terminal_ductal_like,sample1
1290,Cell1291,Ductal_terminal_ductal_like,sample1
1291,Cell1292,Ductal_CRISP3_high-centroacinar_like,sample1
1292,Cell1293,Ductal_APOL1_high-hypoxic,sample1
1293,Cell1294,Ductal_CRISP3_high-centroacinar_like,sample1
1294,Cell1295,Ductal_terminal_ductal_like,sample1
1295,Cell1296,Cancer_clone_B,sample1
1296,Cell1297,Ductal_terminal_ductal_like,sample1
1297,Cell1298,Ductal_CRISP3_high-centroacinar_like,sample1
1298,Cell1299,Cancer_clone_A,sample1
1299,Cell1300,Ductal_CRISP3_high-centroacinar_like,sample1
1300,Cell1301,Ductal_MHC_Class_II,sample1
1301,Cell1302,T_cells_&_NK_cells,sample1
1302,Cell1303,Ductal_CRISP3_high-centroacinar_like,sample1
1303,Cell1304,Ductal_CRISP3_high-centroacinar_like,sample1
1304,Cell1305,T_cells_&_NK_cells,sample1
1305,Cell1306,Cancer_clone_B,sample1
1306,Cell1307,Macrophages_B,sample1
1307,Cell1308,Ductal_CRISP3_high-centroacinar_like,sample1
1308,Cell1309,Cancer_clone_B,sample1
1309,Cell1310,Cancer_clone_B,sample1
1310,Cell1311,Ductal_CRISP3_high-centroacinar_like,sample1
1311,Cell1312,Ductal_APOL1_high-hypoxic,sample1
1312,Cell1313,Tuft_cells,sample1
1313,Cell1314,Ductal_CRISP3_high-centroacinar_like,sample1
1314,Cell1315,Ductal_CRISP3_high-centroacinar_like,sample1
1315,Cell1316,mDCs_B,sample1
1316,Cell1317,Ductal_APOL1_high-hypoxic,sample1
1317,Cell1318,Ductal_MHC_Class_II,sample1
1318,Cell1319,T_cells_&_NK_cells,sample1
1319,Cell1320,Ductal_terminal_ductal_like,sample1
1320,Cell1321,Ductal_CRISP3_high-centroacinar_like,sample1
1321,Cell1322,Ductal_CRISP3_high-centroacinar_like,sample1
1322,Cell1323,Ductal_terminal_ductal_like,sample1
1323,Cell1324,Cancer_clone_B,sample1
1324,Cell1325,Cancer_clone_A,sample1
1325,Cell1326,Ductal_CRISP3_high-centroacinar_like,sample1
1326,Cell1327,Cancer_clone_A,sample1
1327,Cell1328,Ductal_APOL1_high-hypoxic,sample1
1328,Cell1329,Ductal_CRISP3_high-centroacinar_like,sample1
1329,Cell1330,Ductal_CRISP3_high-centroacinar_like,sample1
1330,Cell1331,Cancer_clone_B,sample1
1331,Cell1332,Ductal_terminal_ductal_like,sample1
1332,Cell1333,Cancer_clone_B,sample1
1333,Cell1334,Cancer_clone_A,sample1
1334,Cell1335,Ductal_CRISP3_high-centroacinar_like,sample1
1335,Cell1336,Tuft_cells,sample1
1336,Cell1337,Ductal_MHC_Class_II,sample1
1337,Cell1338,Cancer_clone_B,sample1
1338,Cell1339,Ductal_terminal_ductal_like,sample1
1339,Cell1340,Cancer_clone_B,sample1
1340,Cell1341,Cancer_clone_A,sample1
1341,Cell1342,Ductal_MHC_Class_II,sample1
1342,Cell1343,Ductal_MHC_Class_II,sample1
1343,Cell1344,Ductal_MHC_Class_II,sample1
1344,Cell1345,Cancer_clone_B,sample1
1345,Cell1346,Ductal_terminal_ductal_like,sample1
1346,Cell1347,Ductal_APOL1_high-hypoxic,sample1
1347,Cell1348,Ductal_CRISP3_high-centroacinar_like,sample1
1348,Cell1349,Macrophages_B,sample1
1349,Cell1350,Cancer_clone_A,sample1
1350,Cell1351,Ductal_MHC_Class_II,sample1
1351,Cell1352,Cancer_clone_B,sample1
1352,Cell1353,Ductal_terminal_ductal_like,sample1
1353,Cell1354,Ductal_terminal_ductal_like,sample1
1354,Cell1355,Monocytes,sample1
1355,Cell1356,Tuft_cells,sample1
1356,Cell1357,pDCs,sample1
1357,Cell1358,Ductal_MHC_Class_II,sample1
1358,Cell1359,Cancer_clone_B,sample1
1359,Cell1360,mDCs_B,sample1
1360,Cell1361,Cancer_clone_A,sample1
1361,Cell1362,Ductal_APOL1_high-hypoxic,sample1
1362,Cell1363,Ductal_APOL1_high-hypoxic,sample1
1363,Cell1364,Ductal_APOL1_high-hypoxic,sample1
1364,Cell1365,Ductal_APOL1_high-hypoxic,sample1
1365,Cell1366,RBCs,sample1
1366,Cell1367,Ductal_APOL1_high-hypoxic,sample1
1367,Cell1368,Ductal_CRISP3_high-centroacinar_like,sample1
1368,Cell1369,Ductal_CRISP3_high-centroacinar_like,sample1
1369,Cell1370,RBCs,sample1
1370,Cell1371,RBCs,sample1
1371,Cell1372,Ductal_terminal_ductal_like,sample1
1372,Cell1373,Ductal_terminal_ductal_like,sample1
1373,Cell1374,Ductal_CRISP3_high-centroacinar_like,sample1
1374,Cell1375,Ductal_terminal_ductal_like,sample1
1375,Cell1376,Cancer_clone_B,sample1
1376,Cell1377,Ductal_terminal_ductal_like,sample1
1377,Cell1378,Acinar_cells,sample1
1378,Cell1379,Ductal_APOL1_high-hypoxic,sample1
1379,Cell1380,Cancer_clone_A,sample1
1380,Cell1381,Ductal_MHC_Class_II,sample1
1381,Cell1382,Ductal_MHC_Class_II,sample1
1382,Cell1383,Ductal_CRISP3_high-centroacinar_like,sample1
1383,Cell1384,Cancer_clone_B,sample1
1384,Cell1385,Ductal_terminal_ductal_like,sample1
1385,Cell1386,Ductal_CRISP3_high-centroacinar_like,sample1
1386,Cell1387,Ductal_MHC_Class_II,sample1
1387,Cell1388,Ductal_terminal_ductal_like,sample1
1388,Cell1389,Ductal_APOL1_high-hypoxic,sample1
1389,Cell1390,Ductal_terminal_ductal_like,sample1
1390,Cell1391,Cancer_clone_B,sample1
1391,Cell1392,Ductal_MHC_Class_II,sample1
1392,Cell1393,Cancer_clone_A,sample1
1393,Cell1394,Cancer_clone_A,sample1
1394,Cell1395,Cancer_clone_A,sample1
1395,Cell1396,Ductal_CRISP3_high-centroacinar_like,sample1
1396,Cell1397,Cancer_clone_A,sample1
1397,Cell1398,Ductal_CRISP3_high-centroacinar_like,sample1
1398,Cell1399,Ductal_MHC_Class_II,sample1
1399,Cell1400,Ductal_CRISP3_high-centroacinar_like,sample1
1400,Cell1401,Ductal_terminal_ductal_like,sample1
1401,Cell1402,Cancer_clone_B,sample1
1402,Cell1403,Ductal_CRISP3_high-centroacinar_like,sample1
1403,Cell1404,Ductal_terminal_ductal_like,sample1
1404,Cell1405,Ductal_CRISP3_high-centroacinar_like,sample1
1405,Cell1406,Ductal_CRISP3_high-centroacinar_like,sample1
1406,Cell1407,Ductal_CRISP3_high-centroacinar_like,sample1
1407,Cell1408,Ductal_terminal_ductal_like,sample1
1408,Cell1409,Ductal_CRISP3_high-centroacinar_like,sample1
1409,Cell1410,Cancer_clone_B,sample1
1410,Cell1411,Ductal_terminal_ductal_like,sample1
1411,Cell1412,Ductal_CRISP3_high-centroacinar_like,sample1
1412,Cell1413,Ductal_CRISP3_high-centroacinar_like,sample1
1413,Cell1414,Ductal_terminal_ductal_like,sample1
1414,Cell1415,Ductal_MHC_Class_II,sample1
1415,Cell1416,Ductal_APOL1_high-hypoxic,sample1
1416,Cell1417,Ductal_MHC_Class_II,sample1
1417,Cell1418,Ductal_terminal_ductal_like,sample1
1418,Cell1419,Cancer_clone_A,sample1
1419,Cell1420,Ductal_CRISP3_high-centroacinar_like,sample1
1420,Cell1421,Ductal_CRISP3_high-centroacinar_like,sample1
1421,Cell1422,Ductal_terminal_ductal_like,sample1
1422,Cell1423,Ductal_CRISP3_high-centroacinar_like,sample1
1423,Cell1424,Cancer_clone_B,sample1
1424,Cell1425,Ductal_terminal_ductal_like,sample1
1425,Cell1426,mDCs_A,sample1
1426,Cell1427,Ductal_MHC_Class_II,sample1
1427,Cell1428,Ductal_CRISP3_high-centroacinar_like,sample1
1428,Cell1429,Ductal_terminal_ductal_like,sample1
1429,Cell1430,Ductal_terminal_ductal_like,sample1
1430,Cell1431,Ductal_MHC_Class_II,sample1
1431,Cell1432,mDCs_B,sample1
1432,Cell1433,Cancer_clone_B,sample1
1433,Cell1434,Ductal_terminal_ductal_like,sample1
1434,Cell1435,Ductal_CRISP3_high-centroacinar_like,sample1
1435,Cell1436,Ductal_CRISP3_high-centroacinar_like,sample1
1436,Cell1437,Acinar_cells,sample1
1437,Cell1438,Ductal_CRISP3_high-centroacinar_like,sample1
1438,Cell1439,Endothelial_cells,sample1
1439,Cell1440,Ductal_CRISP3_high-centroacinar_like,sample1
1440,Cell1441,Ductal_APOL1_high-hypoxic,sample1
1441,Cell1442,Cancer_clone_B,sample1
1442,Cell1443,Ductal_terminal_ductal_like,sample1
1443,Cell1444,Ductal_CRISP3_high-centroacinar_like,sample1
1444,Cell1445,mDCs_B,sample1
1445,Cell1446,Ductal_CRISP3_high-centroacinar_like,sample1
1446,Cell1447,Ductal_terminal_ductal_like,sample1
1447,Cell1448,Ductal_terminal_ductal_like,sample1
1448,Cell1449,Ductal_CRISP3_high-centroacinar_like,sample1
1449,Cell1450,RBCs,sample1
1450,Cell1451,Ductal_CRISP3_high-centroacinar_like,sample1
1451,Cell1452,Ductal_CRISP3_high-centroacinar_like,sample1
1452,Cell1453,Ductal_terminal_ductal_like,sample1
1453,Cell1454,Ductal_APOL1_high-hypoxic,sample1
1454,Cell1455,Ductal_CRISP3_high-centroacinar_like,sample1
1455,Cell1456,Cancer_clone_B,sample1
1456,Cell1457,Cancer_clone_B,sample1
1457,Cell1458,Ductal_terminal_ductal_like,sample1
1458,Cell1459,Ductal_CRISP3_high-centroacinar_like,sample1
1459,Cell1460,Ductal_CRISP3_high-centroacinar_like,sample1
1460,Cell1461,Ductal_MHC_Class_II,sample1
1461,Cell1462,Ductal_CRISP3_high-centroacinar_like,sample1
1462,Cell1463,Ductal_MHC_Class_II,sample1
1463,Cell1464,Cancer_clone_B,sample1
1464,Cell1465,Mast_cells,sample1
1465,Cell1466,Ductal_terminal_ductal_like,sample1
1466,Cell1467,Ductal_CRISP3_high-centroacinar_like,sample1
1467,Cell1468,Ductal_terminal_ductal_like,sample1
1468,Cell1469,Ductal_APOL1_high-hypoxic,sample1
1469,Cell1470,Cancer_clone_A,sample1
1470,Cell1471,Ductal_terminal_ductal_like,sample1
1471,Cell1472,mDCs_B,sample1
1472,Cell1473,Endothelial_cells,sample1
1473,Cell1474,Cancer_clone_B,sample1
1474,Cell1475,mDCs_B,sample1
1475,Cell1476,Ductal_APOL1_high-hypoxic,sample1
1476,Cell1477,Ductal_CRISP3_high-centroacinar_like,sample1
1477,Cell1478,Ductal_terminal_ductal_like,sample1
1478,Cell1479,Ductal_CRISP3_high-centroacinar_like,sample1
1479,Cell1480,Ductal_CRISP3_high-centroacinar_like,sample1
1480,Cell1481,Ductal_terminal_ductal_like,sample1
1481,Cell1482,Ductal_terminal_ductal_like,sample1
1482,Cell1483,Ductal_MHC_Class_II,sample1
1483,Cell1484,Ductal_terminal_ductal_like,sample1
1484,Cell1485,Mast_cells,sample1
1485,Cell1486,Ductal_CRISP3_high-centroacinar_like,sample1
1486,Cell1487,Ductal_terminal_ductal_like,sample1
1487,Cell1488,Ductal_MHC_Class_II,sample1
1488,Cell1489,Ductal_CRISP3_high-centroacinar_like,sample1
1489,Cell1490,Ductal_CRISP3_high-centroacinar_like,sample1
1490,Cell1491,Ductal_CRISP3_high-centroacinar_like,sample1
1491,Cell1492,Ductal_terminal_ductal_like,sample1
1492,Cell1493,Ductal_MHC_Class_II,sample1
1493,Cell1494,Ductal_APOL1_high-hypoxic,sample1
1494,Cell1495,Ductal_CRISP3_high-centroacinar_like,sample1
1495,Cell1496,Ductal_CRISP3_high-centroacinar_like,sample1
1496,Cell1497,Cancer_clone_A,sample1
1497,Cell1498,Ductal_APOL1_high-hypoxic,sample1
1498,Cell1499,Ductal_CRISP3_high-centroacinar_like,sample1
1499,Cell1500,Ductal_CRISP3_high-centroacinar_like,sample1
1500,Cell1501,Cancer_clone_A,sample1
1501,Cell1502,Cancer_clone_B,sample1
1502,Cell1503,Ductal_terminal_ductal_like,sample1
1503,Cell1504,Ductal_terminal_ductal_like,sample1
1504,Cell1505,Ductal_MHC_Class_II,sample1
1505,Cell1506,Ductal_APOL1_high-hypoxic,sample1
1506,Cell1507,Ductal_terminal_ductal_like,sample1
1507,Cell1508,Ductal_terminal_ductal_like,sample1
1508,Cell1509,Ductal_CRISP3_high-centroacinar_like,sample1
1509,Cell1510,Ductal_terminal_ductal_like,sample1
1510,Cell1511,Cancer_clone_B,sample1
1511,Cell1512,mDCs_B,sample1
1512,Cell1513,Acinar_cells,sample1
1513,Cell1514,Ductal_CRISP3_high-centroacinar_like,sample1
1514,Cell1515,Ductal_terminal_ductal_like,sample1
1515,Cell1516,Cancer_clone_B,sample1
1516,Cell1517,Ductal_MHC_Class_II,sample1
1517,Cell1518,Ductal_APOL1_high-hypoxic,sample1
1518,Cell1519,Ductal_MHC_Class_II,sample1
1519,Cell1520,Ductal_CRISP3_high-centroacinar_like,sample1
1520,Cell1521,Ductal_MHC_Class_II,sample1
1521,Cell1522,Ductal_MHC_Class_II,sample1
1522,Cell1523,Ductal_CRISP3_high-centroacinar_like,sample1
1523,Cell1524,Ductal_MHC_Class_II,sample1
1524,Cell1525,Ductal_CRISP3_high-centroacinar_like,sample1
1525,Cell1526,Ductal_CRISP3_high-centroacinar_like,sample1
1526,Cell1527,Ductal_MHC_Class_II,sample1
1527,Cell1528,mDCs_B,sample1
1528,Cell1529,Ductal_terminal_ductal_like,sample1
1529,Cell1530,Ductal_terminal_ductal_like,sample1
1530,Cell1531,Fibroblasts,sample1
1531,Cell1532,Ductal_terminal_ductal_like,sample1
1532,Cell1533,Ductal_terminal_ductal_like,sample1
1533,Cell1534,Ductal_MHC_Class_II,sample1
1534,Cell1535,Cancer_clone_B,sample1
1535,Cell1536,Ductal_CRISP3_high-centroacinar_like,sample1
1536,Cell1537,Ductal_APOL1_high-hypoxic,sample1
1537,Cell1538,T_cells_&_NK_cells,sample1
1538,Cell1539,Ductal_CRISP3_high-centroacinar_like,sample1
1539,Cell1540,Ductal_terminal_ductal_like,sample1
1540,Cell1541,Ductal_CRISP3_high-centroacinar_like,sample1
1541,Cell1542,Ductal_MHC_Class_II,sample1
1542,Cell1543,Ductal_APOL1_high-hypoxic,sample1
1543,Cell1544,Ductal_terminal_ductal_like,sample1
1544,Cell1545,Ductal_terminal_ductal_like,sample1
1545,Cell1546,Ductal_APOL1_high-hypoxic,sample1
1546,Cell1547,Ductal_CRISP3_high-centroacinar_like,sample1
1547,Cell1548,Ductal_MHC_Class_II,sample1
1548,Cell1549,Ductal_terminal_ductal_like,sample1
1549,Cell1550,Cancer_clone_B,sample1
1550,Cell1551,Ductal_CRISP3_high-centroacinar_like,sample1
1551,Cell1552,Ductal_APOL1_high-hypoxic,sample1
1552,Cell1553,Ductal_CRISP3_high-centroacinar_like,sample1
1553,Cell1554,Ductal_terminal_ductal_like,sample1
1554,Cell1555,Ductal_CRISP3_high-centroacinar_like,sample1
1555,Cell1556,Ductal_MHC_Class_II,sample1
1556,Cell1557,Ductal_terminal_ductal_like,sample1
1557,Cell1558,Ductal_CRISP3_high-centroacinar_like,sample1
1558,Cell1559,Ductal_APOL1_high-hypoxic,sample1
1559,Cell1560,Ductal_CRISP3_high-centroacinar_like,sample1
1560,Cell1561,Ductal_MHC_Class_II,sample1
1561,Cell1562,Ductal_CRISP3_high-centroacinar_like,sample1
1562,Cell1563,Mast_cells,sample1
1563,Cell1564,Cancer_clone_B,sample1
1564,Cell1565,Ductal_APOL1_high-hypoxic,sample1
1565,Cell1566,Ductal_MHC_Class_II,sample1
1566,Cell1567,Ductal_terminal_ductal_like,sample1
1567,Cell1568,Ductal_APOL1_high-hypoxic,sample1
1568,Cell1569,Cancer_clone_A,sample1
1569,Cell1570,Cancer_clone_A,sample1
1570,Cell1571,Ductal_CRISP3_high-centroacinar_like,sample1
1571,Cell1572,Ductal_CRISP3_high-centroacinar_like,sample1
1572,Cell1573,Ductal_MHC_Class_II,sample1
1573,Cell1574,Ductal_MHC_Class_II,sample1
1574,Cell1575,Tuft_cells,sample1
1575,Cell1576,Ductal_terminal_ductal_like,sample1
1576,Cell1577,Cancer_clone_A,sample1
1577,Cell1578,Ductal_MHC_Class_II,sample1
1578,Cell1579,Cancer_clone_B,sample1
1579,Cell1580,Cancer_clone_B,sample1
1580,Cell1581,Ductal_APOL1_high-hypoxic,sample1
1581,Cell1582,T_cells_&_NK_cells,sample1
1582,Cell1583,Ductal_CRISP3_high-centroacinar_like,sample1
1583,Cell1584,Ductal_terminal_ductal_like,sample1
1584,Cell1585,Cancer_clone_A,sample1
1585,Cell1586,Mast_cells,sample1
1586,Cell1587,Ductal_APOL1_high-hypoxic,sample1
1587,Cell1588,Ductal_APOL1_high-hypoxic,sample1
1588,Cell1589,Ductal_MHC_Class_II,sample1
1589,Cell1590,Ductal_terminal_ductal_like,sample1
1590,Cell1591,Macrophages_A,sample1
1591,Cell1592,Ductal_CRISP3_high-centroacinar_like,sample1
1592,Cell1593,Ductal_MHC_Class_II,sample1
1593,Cell1594,Ductal_APOL1_high-hypoxic,sample1
1594,Cell1595,Ductal_APOL1_high-hypoxic,sample1
1595,Cell1596,Ductal_terminal_ductal_like,sample1
1596,Cell1597,Ductal_CRISP3_high-centroacinar_like,sample1
1597,Cell1598,Cancer_clone_B,sample1
1598,Cell1599,Endothelial_cells,sample1
1599,Cell1600,Cancer_clone_A,sample1
1600,Cell1601,Ductal_MHC_Class_II,sample1
1601,Cell1602,Ductal_CRISP3_high-centroacinar_like,sample1
1602,Cell1603,Tuft_cells,sample1
1603,Cell1604,Tuft_cells,sample1
1604,Cell1605,Ductal_CRISP3_high-centroacinar_like,sample1
1605,Cell1606,Monocytes,sample1
1606,Cell1607,Ductal_MHC_Class_II,sample1
1607,Cell1608,Cancer_clone_B,sample1
1608,Cell1609,Ductal_CRISP3_high-centroacinar_like,sample1
1609,Cell1610,Ductal_terminal_ductal_like,sample1
1610,Cell1611,Cancer_clone_B,sample1
1611,Cell1612,mDCs_B,sample1
1612,Cell1613,Acinar_cells,sample1
1613,Cell1614,Ductal_CRISP3_high-centroacinar_like,sample1
1614,Cell1615,pDCs,sample1
1615,Cell1616,Ductal_terminal_ductal_like,sample1
1616,Cell1617,Ductal_CRISP3_high-centroacinar_like,sample1
1617,Cell1618,Ductal_MHC_Class_II,sample1
1618,Cell1619,Cancer_clone_A,sample1
1619,Cell1620,Ductal_CRISP3_high-centroacinar_like,sample1
1620,Cell1621,Ductal_terminal_ductal_like,sample1
1621,Cell1622,Ductal_terminal_ductal_like,sample1
1622,Cell1623,Ductal_CRISP3_high-centroacinar_like,sample1
1623,Cell1624,Ductal_CRISP3_high-centroacinar_like,sample1
1624,Cell1625,Ductal_APOL1_high-hypoxic,sample1
1625,Cell1626,Ductal_APOL1_high-hypoxic,sample1
1626,Cell1627,Ductal_MHC_Class_II,sample1
1627,Cell1628,Ductal_CRISP3_high-centroacinar_like,sample1
1628,Cell1629,Cancer_clone_A,sample1
1629,Cell1630,Ductal_APOL1_high-hypoxic,sample1
1630,Cell1631,Ductal_CRISP3_high-centroacinar_like,sample1
1631,Cell1632,Ductal_APOL1_high-hypoxic,sample1
1632,Cell1633,Ductal_terminal_ductal_like,sample1
1633,Cell1634,Ductal_CRISP3_high-centroacinar_like,sample1
1634,Cell1635,Ductal_CRISP3_high-centroacinar_like,sample1
1635,Cell1636,Acinar_cells,sample1
1636,Cell1637,Ductal_APOL1_high-hypoxic,sample1
1637,Cell1638,Ductal_CRISP3_high-centroacinar_like,sample1
1638,Cell1639,Ductal_MHC_Class_II,sample1
1639,Cell1640,Cancer_clone_B,sample1
1640,Cell1641,Monocytes,sample1
1641,Cell1642,T_cells_&_NK_cells,sample1
1642,Cell1643,Monocytes,sample1
1643,Cell1644,Cancer_clone_B,sample1
1644,Cell1645,Ductal_APOL1_high-hypoxic,sample1
1645,Cell1646,T_cells_&_NK_cells,sample1
1646,Cell1647,Macrophages_A,sample1
1647,Cell1648,Ductal_terminal_ductal_like,sample1
1648,Cell1649,Ductal_terminal_ductal_like,sample1
1649,Cell1650,Ductal_CRISP3_high-centroacinar_like,sample1
1650,Cell1651,Ductal_terminal_ductal_like,sample1
1651,Cell1652,Tuft_cells,sample1
1652,Cell1653,Ductal_terminal_ductal_like,sample1
1653,Cell1654,Ductal_CRISP3_high-centroacinar_like,sample1
1654,Cell1655,mDCs_B,sample1
1655,Cell1656,Ductal_CRISP3_high-centroacinar_like,sample1
1656,Cell1657,pDCs,sample1
1657,Cell1658,RBCs,sample1
1658,Cell1659,Ductal_MHC_Class_II,sample1
1659,Cell1660,RBCs,sample1
1660,Cell1661,Ductal_MHC_Class_II,sample1
1661,Cell1662,Acinar_cells,sample1
1662,Cell1663,Ductal_CRISP3_high-centroacinar_like,sample1
1663,Cell1664,Ductal_APOL1_high-hypoxic,sample1
1664,Cell1665,Ductal_CRISP3_high-centroacinar_like,sample1
1665,Cell1666,Ductal_CRISP3_high-centroacinar_like,sample1
1666,Cell1667,Macrophages_A,sample1
1667,Cell1668,Ductal_MHC_Class_II,sample1
1668,Cell1669,Cancer_clone_A,sample1
1669,Cell1670,Cancer_clone_A,sample1
1670,Cell1671,Cancer_clone_A,sample1
1671,Cell1672,Ductal_CRISP3_high-centroacinar_like,sample1
1672,Cell1673,Ductal_CRISP3_high-centroacinar_like,sample1
1673,Cell1674,Ductal_APOL1_high-hypoxic,sample1
1674,Cell1675,Ductal_terminal_ductal_like,sample1
1675,Cell1676,Ductal_terminal_ductal_like,sample1
1676,Cell1677,Ductal_CRISP3_high-centroacinar_like,sample1
1677,Cell1678,Tuft_cells,sample1
1678,Cell1679,Ductal_CRISP3_high-centroacinar_like,sample1
1679,Cell1680,Ductal_APOL1_high-hypoxic,sample1
1680,Cell1681,Ductal_CRISP3_high-centroacinar_like,sample1
1681,Cell1682,Ductal_MHC_Class_II,sample1
1682,Cell1683,Ductal_CRISP3_high-centroacinar_like,sample1
1683,Cell1684,Cancer_clone_A,sample1
1684,Cell1685,Mast_cells,sample1
1685,Cell1686,Ductal_terminal_ductal_like,sample1
1686,Cell1687,Ductal_MHC_Class_II,sample1
1687,Cell1688,Ductal_CRISP3_high-centroacinar_like,sample1
1688,Cell1689,Ductal_CRISP3_high-centroacinar_like,sample1
1689,Cell1690,Cancer_clone_A,sample1
1690,Cell1691,Ductal_CRISP3_high-centroacinar_like,sample1
1691,Cell1692,Ductal_terminal_ductal_like,sample1
1692,Cell1693,Ductal_CRISP3_high-centroacinar_like,sample1
1693,Cell1694,Ductal_CRISP3_high-centroacinar_like,sample1
1694,Cell1695,Ductal_terminal_ductal_like,sample1
1695,Cell1696,Ductal_MHC_Class_II,sample1
1696,Cell1697,Ductal_MHC_Class_II,sample1
1697,Cell1698,Ductal_MHC_Class_II,sample1
1698,Cell1699,Ductal_CRISP3_high-centroacinar_like,sample1
1699,Cell1700,Ductal_APOL1_high-hypoxic,sample1
1700,Cell1701,Ductal_CRISP3_high-centroacinar_like,sample1
1701,Cell1702,Cancer_clone_B,sample1
1702,Cell1703,Ductal_terminal_ductal_like,sample1
1703,Cell1704,Cancer_clone_B,sample1
1704,Cell1705,Ductal_CRISP3_high-centroacinar_like,sample1
1705,Cell1706,mDCs_A,sample1
1706,Cell1707,Fibroblasts,sample1
1707,Cell1708,Ductal_MHC_Class_II,sample1
1708,Cell1709,Ductal_APOL1_high-hypoxic,sample1
1709,Cell1710,Ductal_CRISP3_high-centroacinar_like,sample1
1710,Cell1711,Cancer_clone_A,sample1
1711,Cell1712,Ductal_MHC_Class_II,sample1
1712,Cell1713,Ductal_CRISP3_high-centroacinar_like,sample1
1713,Cell1714,Ductal_CRISP3_high-centroacinar_like,sample1
1714,Cell1715,Ductal_CRISP3_high-centroacinar_like,sample1
1715,Cell1716,Ductal_terminal_ductal_like,sample1
1716,Cell1717,Ductal_terminal_ductal_like,sample1
1717,Cell1718,Ductal_terminal_ductal_like,sample1
1718,Cell1719,Cancer_clone_A,sample1
1719,Cell1720,Ductal_MHC_Class_II,sample1
1720,Cell1721,Ductal_terminal_ductal_like,sample1
1721,Cell1722,Ductal_MHC_Class_II,sample1
1722,Cell1723,Cancer_clone_B,sample1
1723,Cell1724,Ductal_CRISP3_high-centroacinar_like,sample1
1724,Cell1725,Cancer_clone_B,sample1
1725,Cell1726,Cancer_clone_B,sample1
1726,Cell1727,Ductal_CRISP3_high-centroacinar_like,sample1
1727,Cell1728,Cancer_clone_A,sample1
1728,Cell1729,Ductal_terminal_ductal_like,sample1
1729,Cell1730,Cancer_clone_B,sample1
1730,Cell1731,Ductal_APOL1_high-hypoxic,sample1
1731,Cell1732,Ductal_terminal_ductal_like,sample1
1732,Cell1733,Ductal_CRISP3_high-centroacinar_like,sample1
1733,Cell1734,Macrophages_A,sample1
1734,Cell1735,Ductal_CRISP3_high-centroacinar_like,sample1
1735,Cell1736,Ductal_APOL1_high-hypoxic,sample1
1736,Cell1737,Ductal_terminal_ductal_like,sample1
1737,Cell1738,Ductal_terminal_ductal_like,sample1
1738,Cell1739,Ductal_MHC_Class_II,sample1
1739,Cell1740,Ductal_MHC_Class_II,sample1
1740,Cell1741,Ductal_terminal_ductal_like,sample1
1741,Cell1742,Ductal_MHC_Class_II,sample1
1742,Cell1743,Cancer_clone_B,sample1
1743,Cell1744,Ductal_terminal_ductal_like,sample1
1744,Cell1745,Endothelial_cells,sample1
1745,Cell1746,Endothelial_cells,sample1
1746,Cell1747,Ductal_CRISP3_high-centroacinar_like,sample1
1747,Cell1748,Ductal_CRISP3_high-centroacinar_like,sample1
1748,Cell1749,Ductal_MHC_Class_II,sample1
1749,Cell1750,Cancer_clone_B,sample1
1750,Cell1751,Ductal_MHC_Class_II,sample1
1751,Cell1752,Ductal_MHC_Class_II,sample1
1752,Cell1753,Ductal_APOL1_high-hypoxic,sample1
1753,Cell1754,Ductal_CRISP3_high-centroacinar_like,sample1
1754,Cell1755,Ductal_terminal_ductal_like,sample1
1755,Cell1756,Ductal_CRISP3_high-centroacinar_like,sample1
1756,Cell1757,Ductal_CRISP3_high-centroacinar_like,sample1
1757,Cell1758,Ductal_terminal_ductal_like,sample1
1758,Cell1759,Ductal_APOL1_high-hypoxic,sample1
1759,Cell1760,Ductal_CRISP3_high-centroacinar_like,sample1
1760,Cell1761,Ductal_APOL1_high-hypoxic,sample1
1761,Cell1762,Ductal_MHC_Class_II,sample1
1762,Cell1763,mDCs_A,sample1
1763,Cell1764,Mast_cells,sample1
1764,Cell1765,Ductal_APOL1_high-hypoxic,sample1
1765,Cell1766,Ductal_APOL1_high-hypoxic,sample1
1766,Cell1767,Ductal_CRISP3_high-centroacinar_like,sample1
1767,Cell1768,Ductal_CRISP3_high-centroacinar_like,sample1
1768,Cell1769,Ductal_CRISP3_high-centroacinar_like,sample1
1769,Cell1770,Ductal_MHC_Class_II,sample1
1770,Cell1771,Ductal_terminal_ductal_like,sample1
1771,Cell1772,Ductal_CRISP3_high-centroacinar_like,sample1
1772,Cell1773,Ductal_MHC_Class_II,sample1
1773,Cell1774,Ductal_terminal_ductal_like,sample1
1774,Cell1775,Ductal_terminal_ductal_like,sample1
1775,Cell1776,Ductal_CRISP3_high-centroacinar_like,sample1
1776,Cell1777,Ductal_terminal_ductal_like,sample1
1777,Cell1778,Ductal_MHC_Class_II,sample1
1778,Cell1779,Ductal_terminal_ductal_like,sample1
1779,Cell1780,Tuft_cells,sample1
1780,Cell1781,Ductal_CRISP3_high-centroacinar_like,sample1
1781,Cell1782,pDCs,sample1
1782,Cell1783,Ductal_terminal_ductal_like,sample1
1783,Cell1784,Ductal_CRISP3_high-centroacinar_like,sample1
1784,Cell1785,Ductal_terminal_ductal_like,sample1
1785,Cell1786,Cancer_clone_B,sample1
1786,Cell1787,Ductal_MHC_Class_II,sample1
1787,Cell1788,Ductal_MHC_Class_II,sample1
1788,Cell1789,Ductal_terminal_ductal_like,sample1
1789,Cell1790,Cancer_clone_A,sample1
1790,Cell1791,Ductal_terminal_ductal_like,sample1
1791,Cell1792,Ductal_CRISP3_high-centroacinar_like,sample1
1792,Cell1793,Ductal_MHC_Class_II,sample1
1793,Cell1794,Ductal_CRISP3_high-centroacinar_like,sample1
1794,Cell1795,Ductal_terminal_ductal_like,sample1
1795,Cell1796,Cancer_clone_B,sample1
1796,Cell1797,Ductal_MHC_Class_II,sample1
1797,Cell1798,Ductal_CRISP3_high-centroacinar_like,sample1
1798,Cell1799,Ductal_CRISP3_high-centroacinar_like,sample1
1799,Cell1800,Ductal_MHC_Class_II,sample1
1800,Cell1801,Ductal_terminal_ductal_like,sample1
1801,Cell1802,Ductal_MHC_Class_II,sample1
1802,Cell1803,T_cells_&_NK_cells,sample1
1803,Cell1804,Ductal_CRISP3_high-centroacinar_like,sample1
1804,Cell1805,Ductal_APOL1_high-hypoxic,sample1
1805,Cell1806,Ductal_CRISP3_high-centroacinar_like,sample1
1806,Cell1807,Ductal_terminal_ductal_like,sample1
1807,Cell1808,Ductal_CRISP3_high-centroacinar_like,sample1
1808,Cell1809,Ductal_CRISP3_high-centroacinar_like,sample1
1809,Cell1810,mDCs_B,sample1
1810,Cell1811,Cancer_clone_B,sample1
1811,Cell1812,Acinar_cells,sample1
1812,Cell1813,Ductal_MHC_Class_II,sample1
1813,Cell1814,Ductal_CRISP3_high-centroacinar_like,sample1
1814,Cell1815,mDCs_B,sample1
1815,Cell1816,mDCs_A,sample1
1816,Cell1817,Ductal_CRISP3_high-centroacinar_like,sample1
1817,Cell1818,Cancer_clone_A,sample1
1818,Cell1819,Tuft_cells,sample1
1819,Cell1820,Ductal_CRISP3_high-centroacinar_like,sample1
1820,Cell1821,Macrophages_A,sample1
1821,Cell1822,Ductal_MHC_Class_II,sample1
1822,Cell1823,Ductal_APOL1_high-hypoxic,sample1
1823,Cell1824,Ductal_APOL1_high-hypoxic,sample1
1824,Cell1825,Ductal_APOL1_high-hypoxic,sample1
1825,Cell1826,Ductal_MHC_Class_II,sample1
1826,Cell1827,Ductal_CRISP3_high-centroacinar_like,sample1
1827,Cell1828,Cancer_clone_A,sample1
1828,Cell1829,Ductal_CRISP3_high-centroacinar_like,sample1
1829,Cell1830,Ductal_CRISP3_high-centroacinar_like,sample1
1830,Cell1831,mDCs_B,sample1
1831,Cell1832,Ductal_CRISP3_high-centroacinar_like,sample1
1832,Cell1833,Ductal_APOL1_high-hypoxic,sample1
1833,Cell1834,Cancer_clone_B,sample1
1834,Cell1835,Ductal_MHC_Class_II,sample1
1835,Cell1836,Ductal_terminal_ductal_like,sample1
1836,Cell1837,Cancer_clone_B,sample1
1837,Cell1838,Cancer_clone_B,sample1
1838,Cell1839,Ductal_CRISP3_high-centroacinar_like,sample1
1839,Cell1840,Ductal_CRISP3_high-centroacinar_like,sample1
1840,Cell1841,Ductal_MHC_Class_II,sample1
1841,Cell1842,Ductal_terminal_ductal_like,sample1
1842,Cell1843,Endocrine_cells,sample1
1843,Cell1844,Macrophages_B,sample1
1844,Cell1845,Tuft_cells,sample1
1845,Cell1846,pDCs,sample1
1846,Cell1847,Cancer_clone_B,sample1
1847,Cell1848,T_cells_&_NK_cells,sample1
1848,Cell1849,Ductal_terminal_ductal_like,sample1
1849,Cell1850,Ductal_terminal_ductal_like,sample1
1850,Cell1851,T_cells_&_NK_cells,sample1
1851,Cell1852,Ductal_APOL1_high-hypoxic,sample1
1852,Cell1853,mDCs_A,sample1
1853,Cell1854,Ductal_CRISP3_high-centroacinar_like,sample1
1854,Cell1855,Macrophages_B,sample1
1855,Cell1856,Ductal_MHC_Class_II,sample1
1856,Cell1857,Ductal_APOL1_high-hypoxic,sample1
1857,Cell1858,T_cells_&_NK_cells,sample1
1858,Cell1859,Monocytes,sample1
1859,Cell1860,Ductal_APOL1_high-hypoxic,sample1
1860,Cell1861,Cancer_clone_A,sample1
1861,Cell1862,Cancer_clone_B,sample1
1862,Cell1863,Ductal_MHC_Class_II,sample1
1863,Cell1864,Ductal_APOL1_high-hypoxic,sample1
1864,Cell1865,Cancer_clone_B,sample1
1865,Cell1866,RBCs,sample1
1866,Cell1867,Ductal_terminal_ductal_like,sample1
1867,Cell1868,Cancer_clone_A,sample1
1868,Cell1869,Ductal_MHC_Class_II,sample1
1869,Cell1870,Ductal_CRISP3_high-centroacinar_like,sample1
1870,Cell1871,Ductal_CRISP3_high-centroacinar_like,sample1
1871,Cell1872,Cancer_clone_B,sample1
1872,Cell1873,Cancer_clone_B,sample1
1873,Cell1874,Ductal_MHC_Class_II,sample1
1874,Cell1875,T_cells_&_NK_cells,sample1
1875,Cell1876,Ductal_CRISP3_high-centroacinar_like,sample1
1876,Cell1877,mDCs_B,sample1
1877,Cell1878,Cancer_clone_B,sample1
1878,Cell1879,Ductal_terminal_ductal_like,sample1
1879,Cell1880,Tuft_cells,sample1
1880,Cell1881,Ductal_MHC_Class_II,sample1
1881,Cell1882,Ductal_APOL1_high-hypoxic,sample1
1882,Cell1883,Endothelial_cells,sample1
1883,Cell1884,Ductal_terminal_ductal_like,sample1
1884,Cell1885,Ductal_terminal_ductal_like,sample1
1885,Cell1886,Ductal_terminal_ductal_like,sample1
1886,Cell1887,Monocytes,sample1
1887,Cell1888,Tuft_cells,sample1
1888,Cell1889,Cancer_clone_A,sample1
1889,Cell1890,Cancer_clone_A,sample1
1890,Cell1891,Ductal_MHC_Class_II,sample1
1891,Cell1892,Tuft_cells,sample1
1892,Cell1893,Ductal_CRISP3_high-centroacinar_like,sample1
1893,Cell1894,Ductal_MHC_Class_II,sample1
1894,Cell1895,T_cells_&_NK_cells,sample1
1895,Cell1896,Ductal_CRISP3_high-centroacinar_like,sample1
1896,Cell1897,Ductal_terminal_ductal_like,sample1
1897,Cell1898,Ductal_terminal_ductal_like,sample1
1898,Cell1899,Ductal_terminal_ductal_like,sample1
1899,Cell1900,Ductal_CRISP3_high-centroacinar_like,sample1
1900,Cell1901,Ductal_CRISP3_high-centroacinar_like,sample1
1901,Cell1902,Ductal_MHC_Class_II,sample1
1902,Cell1903,mDCs_A,sample1
1903,Cell1904,Ductal_CRISP3_high-centroacinar_like,sample1
1904,Cell1905,Ductal_CRISP3_high-centroacinar_like,sample1
1905,Cell1906,Ductal_APOL1_high-hypoxic,sample1
1906,Cell1907,Cancer_clone_B,sample1
1907,Cell1908,T_cells_&_NK_cells,sample1
1908,Cell1909,Ductal_APOL1_high-hypoxic,sample1
1909,Cell1910,Ductal_MHC_Class_II,sample1
1910,Cell1911,Ductal_CRISP3_high-centroacinar_like,sample1
1911,Cell1912,Ductal_MHC_Class_II,sample1
1912,Cell1913,Tuft_cells,sample1
1913,Cell1914,T_cells_&_NK_cells,sample1
1914,Cell1915,Ductal_terminal_ductal_like,sample1
1915,Cell1916,Cancer_clone_B,sample1
1916,Cell1917,Ductal_MHC_Class_II,sample1
1917,Cell1918,Ductal_CRISP3_high-centroacinar_like,sample1
1918,Cell1919,Ductal_CRISP3_high-centroacinar_like,sample1
1919,Cell1920,Ductal_terminal_ductal_like,sample1
1920,Cell1921,Ductal_MHC_Class_II,sample1
1921,Cell1922,T_cells_&_NK_cells,sample1
1922,Cell1923,Acinar_cells,sample1
1923,Cell1924,Ductal_terminal_ductal_like,sample1
1924,Cell1925,pDCs,sample1
1925,Cell1926,RBCs,sample1
